viewerId,feedItemId,time_1
5698da4541a9d72100240693,569904a241a9d72100242b76,2016-01-15 16:44:57
5698da4541a9d72100240693,569904a241a9d72100242b76,2016-01-15 16:45:09
5698da4941a9d721002406c3,569904a241a9d72100242b76,2016-01-15 16:45:22
5698da4941a9d721002406c3,569904a241a9d72100242b76,2016-01-15 16:45:54
5698da602fb0de2600f22ac4,569904a241a9d72100242b76,2016-01-15 16:46:07
5698da602fb0de2600f22ac5,569904a241a9d72100242b76,2016-01-15 16:51:30
5698da602fb0de2600f22ac5,569904a241a9d72100242b76,2016-01-15 16:51:52
5698da7541a9d721002409a3,569904a241a9d72100242b76,2016-01-15 16:58:21
5698da4941a9d721002406c2,569904a241a9d72100242b76,2016-01-15 16:59:03
5698da4c41a9d721002406ec,569904a241a9d72100242b76,2016-01-15 17:13:51
5698da5d2fb0de2600f22a9e,569904a241a9d72100242b76,2016-01-15 18:19:46
5698da5d2fb0de2600f22a9e,569904a241a9d72100242b76,2016-01-15 18:20:20
5698da5d2fb0de2600f22a9e,569904a241a9d72100242b76,2016-01-15 18:20:29
5698da5b2fb0de2600f22a88,569904a241a9d72100242b76,2016-01-15 18:21:23
5698da4941a9d721002406c3,569904a241a9d72100242b76,2016-01-15 19:34:00
5698da4941a9d721002406c3,569904a241a9d72100242b76,2016-01-15 19:40:03
5698da4941a9d721002406c3,569904a241a9d72100242b76,2016-01-15 19:51:38
5698da6e2fb0de2600f22b71,569904a241a9d72100242b76,2016-01-15 22:44:41
5698da6e2fb0de2600f22b74,569904a241a9d72100242b76,2016-01-15 23:23:38
5698da512fb0de2600f22a13,569904a241a9d72100242b76,2016-01-16 01:48:25
5698da512fb0de2600f22a13,569904a241a9d72100242b76,2016-01-16 01:48:45
5698da602fb0de2600f22ac4,569904a241a9d72100242b76,2016-01-16 02:03:57
5698da602fb0de2600f22ac4,569904a241a9d72100242b76,2016-01-16 02:04:21
5698da672fb0de2600f22b1f,569904a241a9d72100242b76,2016-01-17 16:45:28
5698d6ab2fb0de2600f225b1,569b6d392fb0de2600f3213d,2016-01-17 17:24:54
5698dc3a2fb0de2600f23175,569bba38e62ae22300d16478,2016-01-17 17:59:50
5698dc412fb0de2600f231c8,569bba38e62ae22300d16478,2016-01-17 18:00:25
5698dc4d41a9d721002410b3,569bba82e62ae22300d165b1,2016-01-17 18:01:08
5698db7441a9d72100240ced,569bba82e62ae22300d165b1,2016-01-17 18:01:22
5698db7441a9d72100240ced,569bba82e62ae22300d165b1,2016-01-17 18:01:40
5698dc4f41a9d721002410d9,569bba38e62ae22300d16478,2016-01-17 18:02:18
5698dc3a2fb0de2600f23175,569bba82e62ae22300d165b1,2016-01-17 18:02:24
5698db842fb0de2600f22f0d,569bba38e62ae22300d16478,2016-01-17 18:02:38
5698dc412fb0de2600f231c8,569bba82e62ae22300d165b1,2016-01-17 18:02:39
5698db722fb0de2600f22e3f,569bba38e62ae22300d16478,2016-01-17 18:03:13
5698db842fb0de2600f22f0d,569bba82e62ae22300d165b1,2016-01-17 18:03:17
5698db842fb0de2600f22f0d,569bba82e62ae22300d165b1,2016-01-17 18:03:18
5698db842fb0de2600f22f0d,569bba82e62ae22300d165b1,2016-01-17 18:03:19
5698db5f2fb0de2600f22d4e,569bba38e62ae22300d16478,2016-01-17 18:06:16
5698db722fb0de2600f22e3f,569bba38e62ae22300d16478,2016-01-17 18:06:31
5698db722fb0de2600f22e3f,569bba82e62ae22300d165b1,2016-01-17 18:06:41
5698db722fb0de2600f22e3f,569bba38e62ae22300d16478,2016-01-17 18:06:50
5698dc3a2fb0de2600f23175,569bba82e62ae22300d165b1,2016-01-17 18:06:53
5698dc3a2fb0de2600f23175,569bba82e62ae22300d165b1,2016-01-17 18:07:05
5698db5f2fb0de2600f22d4e,569bba38e62ae22300d16478,2016-01-17 18:07:10
5698dc3a2fb0de2600f23175,569bbd09e62ae22300d16a76,2016-01-17 18:11:38
5698db7441a9d72100240ced,569bbd09e62ae22300d16a76,2016-01-17 18:12:09
5698db5f2fb0de2600f22d4e,569bba38e62ae22300d16478,2016-01-17 18:12:12
5698db632fb0de2600f22d79,569bba38e62ae22300d16478,2016-01-17 18:13:25
5698db5f2fb0de2600f22d4e,569bbd09e62ae22300d16a76,2016-01-17 18:13:31
5698db632fb0de2600f22d79,569bba38e62ae22300d16478,2016-01-17 18:13:51
5698db632fb0de2600f22d79,569bbd09e62ae22300d16a76,2016-01-17 18:13:57
5698db5f2fb0de2600f22d4e,569bbd09e62ae22300d16a76,2016-01-17 18:14:27
5698db5f2fb0de2600f22d4e,569bba82e62ae22300d165b1,2016-01-17 18:14:47
5698db8241a9d72100240dac,569bba38e62ae22300d16478,2016-01-17 18:18:05
5698db8241a9d72100240dac,569bba38e62ae22300d16478,2016-01-17 18:18:34
5698db8241a9d72100240dac,569bba38e62ae22300d16478,2016-01-17 18:18:52
5698dc592fb0de2600f23311,569bba82e62ae22300d165b1,2016-01-17 18:21:05
5698dc3a2fb0de2600f23175,569bbf6ae62ae22300d16cb5,2016-01-17 18:21:40
5698dc4f41a9d721002410d9,569bbd09e62ae22300d16a76,2016-01-17 18:21:55
5698db962fb0de2600f23002,569bba38e62ae22300d16478,2016-01-17 18:22:04
5698dc4041a9d72100241013,569bbf6ae62ae22300d16cb5,2016-01-17 18:22:14
5698db962fb0de2600f23002,569bba38e62ae22300d16478,2016-01-17 18:22:26
5698db962fb0de2600f23002,569bba82e62ae22300d165b1,2016-01-17 18:22:31
5698dc4a2fb0de2600f23246,569bba38e62ae22300d16478,2016-01-17 18:24:21
5698db8e2fb0de2600f22f86,569bbd09e62ae22300d16a76,2016-01-17 18:27:18
5698db8e2fb0de2600f22f86,569bbd09e62ae22300d16a76,2016-01-17 18:27:48
5698db732fb0de2600f22e47,569bba38e62ae22300d16478,2016-01-17 18:30:34
5698db732fb0de2600f22e47,569bba38e62ae22300d16478,2016-01-17 18:30:54
5698db8641a9d72100240dd5,569bbd09e62ae22300d16a76,2016-01-17 18:36:58
5698dc492fb0de2600f23240,569bba38e62ae22300d16478,2016-01-17 18:46:08
5698dc3f41a9d72100240ffa,569bba82e62ae22300d165b1,2016-01-17 18:54:39
5698dc3f41a9d72100240ffa,569bba82e62ae22300d165b1,2016-01-17 18:55:22
5698dc4d41a9d721002410b3,569bba82e62ae22300d165b1,2016-01-17 19:00:53
5698db902fb0de2600f22fad,569bba82e62ae22300d165b1,2016-01-17 19:03:30
5698db902fb0de2600f22fad,569bba38e62ae22300d16478,2016-01-17 19:03:44
5698db902fb0de2600f22fad,569bba38e62ae22300d16478,2016-01-17 19:04:28
5698dc5341a9d72100241104,569bbf6ae62ae22300d16cb5,2016-01-17 19:24:22
5698dc5341a9d72100241104,569bba38e62ae22300d16478,2016-01-17 19:24:50
5698db8741a9d72100240ddb,569bba38e62ae22300d16478,2016-01-17 19:25:13
5698dc5341a9d72100241104,569bba38e62ae22300d16478,2016-01-17 19:25:23
5698db8c41a9d72100240e27,569bbf6ae62ae22300d16cb5,2016-01-17 19:28:43
5698db8c41a9d72100240e27,569bbf6ae62ae22300d16cb5,2016-01-17 19:29:02
5698db832fb0de2600f22f08,569bba38e62ae22300d16478,2016-01-17 19:31:16
5698db832fb0de2600f22f08,569bba82e62ae22300d165b1,2016-01-17 19:32:44
5698db832fb0de2600f22f08,569bbd09e62ae22300d16a76,2016-01-17 19:33:27
5698dc5541a9d72100241127,569bbd09e62ae22300d16a76,2016-01-17 19:36:16
5698db832fb0de2600f22f08,569bbf6ae62ae22300d16cb5,2016-01-17 19:36:27
5698db832fb0de2600f22f08,569bbf6ae62ae22300d16cb5,2016-01-17 19:37:19
5698db722fb0de2600f22e3f,569bba38e62ae22300d16478,2016-01-17 19:37:20
5698db7441a9d72100240ced,569bbd09e62ae22300d16a76,2016-01-17 19:39:41
5698dc592fb0de2600f23311,569bba82e62ae22300d165b1,2016-01-17 20:06:39
5698dc4041a9d72100241013,569bba82e62ae22300d165b1,2016-01-17 20:18:17
5698dc4041a9d72100241013,569bba82e62ae22300d165b1,2016-01-17 20:19:12
5698db5f2fb0de2600f22d4e,569be1bae62ae22300d17f2a,2016-01-17 20:48:27
5698dc3a41a9d72100240fc1,569be1bae62ae22300d17f2a,2016-01-17 20:48:48
5698db722fb0de2600f22e3f,569be1bae62ae22300d17f2a,2016-01-17 20:48:58
5698dc3a41a9d72100240fc1,569bba38e62ae22300d16478,2016-01-17 20:49:09
5698db722fb0de2600f22e3f,569bbf6ae62ae22300d16cb5,2016-01-17 20:49:11
5698dc3a41a9d72100240fc1,569bba82e62ae22300d165b1,2016-01-17 20:49:32
5698db722fb0de2600f22e3f,569bbf6ae62ae22300d16cb5,2016-01-17 20:49:44
5698dc3a41a9d72100240fc1,569bba82e62ae22300d165b1,2016-01-17 20:49:49
5698dc3a41a9d72100240fc1,569bbd09e62ae22300d16a76,2016-01-17 20:49:54
5698dc3a41a9d72100240fc1,569bbd09e62ae22300d16a76,2016-01-17 20:50:15
5698dc3a41a9d72100240fc1,569bbf6ae62ae22300d16cb5,2016-01-17 20:50:20
5698db842fb0de2600f22f0d,569be1bae62ae22300d17f2a,2016-01-17 20:50:35
5698db8e2fb0de2600f22f88,569be1bae62ae22300d17f2a,2016-01-17 20:51:19
5698db8e2fb0de2600f22f88,569bba38e62ae22300d16478,2016-01-17 20:51:38
5698dc492fb0de2600f23242,569be1bae62ae22300d17f2a,2016-01-17 20:52:01
5698dc4b41a9d72100241094,569be1bae62ae22300d17f2a,2016-01-17 20:52:14
5698db7a41a9d72100240d3a,569be1bae62ae22300d17f2a,2016-01-17 20:54:01
5698dc4b41a9d72100241094,569be1bae62ae22300d17f2a,2016-01-17 20:57:47
5698dc5541a9d72100241124,569be1bae62ae22300d17f2a,2016-01-17 20:59:21
5698dc5541a9d72100241124,569bba82e62ae22300d165b1,2016-01-17 21:02:22
5698dc502fb0de2600f23298,569bbf6ae62ae22300d16cb5,2016-01-17 21:06:28
5698dc502fb0de2600f23298,569be1bae62ae22300d17f2a,2016-01-17 21:06:53
5698db702fb0de2600f22e20,569bba38e62ae22300d16478,2016-01-17 21:08:12
5698db702fb0de2600f22e20,569bba38e62ae22300d16478,2016-01-17 21:08:56
5698db702fb0de2600f22e20,569be1bae62ae22300d17f2a,2016-01-17 21:09:37
5698db702fb0de2600f22e20,569bbf6ae62ae22300d16cb5,2016-01-17 21:09:54
5698db702fb0de2600f22e20,569bbf6ae62ae22300d16cb5,2016-01-17 21:10:29
5698db702fb0de2600f22e20,569bbd09e62ae22300d16a76,2016-01-17 21:10:39
5698db702fb0de2600f22e20,569bba38e62ae22300d16478,2016-01-17 21:11:06
5698db702fb0de2600f22e20,569bba82e62ae22300d165b1,2016-01-17 21:11:20
5698db702fb0de2600f22e20,569bba82e62ae22300d165b1,2016-01-17 21:11:51
5698db702fb0de2600f22e20,569bbd09e62ae22300d16a76,2016-01-17 21:12:00
5698dc5541a9d72100241127,569be1bae62ae22300d17f2a,2016-01-17 21:12:22
5698db702fb0de2600f22e20,569bbd09e62ae22300d16a76,2016-01-17 21:17:32
5698db702fb0de2600f22e20,569bbf6ae62ae22300d16cb5,2016-01-17 21:17:44
5698dc4a41a9d7210024108f,569be1bae62ae22300d17f2a,2016-01-17 21:20:19
5698dc4b41a9d72100241094,569be1bae62ae22300d17f2a,2016-01-17 21:21:36
5698db702fb0de2600f22e20,569bbf6ae62ae22300d16cb5,2016-01-17 21:22:50
5698db702fb0de2600f22e20,569bbf6ae62ae22300d16cb5,2016-01-17 21:22:59
5698db702fb0de2600f22e20,569bbf6ae62ae22300d16cb5,2016-01-17 21:23:07
5698db702fb0de2600f22e20,569be1bae62ae22300d17f2a,2016-01-17 21:23:15
5698dc412fb0de2600f231c8,569be1bae62ae22300d17f2a,2016-01-17 21:28:22
5698dc5741a9d7210024112d,569bba38e62ae22300d16478,2016-01-17 21:29:38
5698dc5741a9d7210024112d,569bba38e62ae22300d16478,2016-01-17 21:30:11
5698dc392fb0de2600f23174,569be1bae62ae22300d17f2a,2016-01-17 21:52:48
5698dc4e41a9d721002410be,569be1bae62ae22300d17f2a,2016-01-17 21:59:46
5698db672fb0de2600f22da4,569bba38e62ae22300d16478,2016-01-17 22:12:46
5698db8741a9d72100240ddb,569be1bae62ae22300d17f2a,2016-01-17 22:16:54
5698dc452fb0de2600f231ff,569bba38e62ae22300d16478,2016-01-17 22:24:51
5698dc5a41a9d7210024116c,569be1bae62ae22300d17f2a,2016-01-17 22:34:57
5698da4541a9d72100240693,569904a241a9d72100242b76,2016-01-17 22:46:03
5698dc5d41a9d72100241180,569be1bae62ae22300d17f2a,2016-01-17 22:58:12
5698db922fb0de2600f22fd6,569be1bae62ae22300d17f2a,2016-01-17 23:25:45
5698dc542fb0de2600f232cd,569be1bae62ae22300d17f2a,2016-01-17 23:51:13
5698dc4d2fb0de2600f2326b,569bba38e62ae22300d16478,2016-01-18 00:11:03
5698dc4e41a9d721002410b9,569bba38e62ae22300d16478,2016-01-18 00:33:07
5698dc4e41a9d721002410b9,569bba82e62ae22300d165b1,2016-01-18 00:33:19
5698dc4e41a9d721002410b9,569bbd09e62ae22300d16a76,2016-01-18 00:33:47
5698dc4e41a9d721002410b9,569be1bae62ae22300d17f2a,2016-01-18 00:34:00
5698dc4e41a9d721002410b9,569be1bae62ae22300d17f2a,2016-01-18 00:34:17
5698dc4e41a9d721002410b9,569be1bae62ae22300d17f2a,2016-01-18 00:34:46
5698db6f41a9d72100240cbd,569bba38e62ae22300d16478,2016-01-18 00:39:14
5698db872fb0de2600f22f3a,569bba38e62ae22300d16478,2016-01-18 00:50:38
5698db872fb0de2600f22f3a,569bba82e62ae22300d165b1,2016-01-18 00:51:01
5698db872fb0de2600f22f3a,569be1bae62ae22300d17f2a,2016-01-18 00:51:15
5698dc562fb0de2600f232ec,569be1bae62ae22300d17f2a,2016-01-18 00:53:07
5698db5f2fb0de2600f22d4e,569bba38e62ae22300d16478,2016-01-18 01:12:20
5698db5f2fb0de2600f22d4e,569bbf6ae62ae22300d16cb5,2016-01-18 01:12:43
5698db962fb0de2600f23002,569be1bae62ae22300d17f2a,2016-01-18 01:23:18
5698db8641a9d72100240dd7,569bba38e62ae22300d16478,2016-01-18 05:01:33
5698db8641a9d72100240dd7,569bba82e62ae22300d165b1,2016-01-18 05:02:26
5698db8641a9d72100240dd7,569bbd09e62ae22300d16a76,2016-01-18 05:02:42
5698db8641a9d72100240dd7,569bbf6ae62ae22300d16cb5,2016-01-18 05:02:48
5698db8641a9d72100240dd7,569be1bae62ae22300d17f2a,2016-01-18 05:03:09
5698db8641a9d72100240dd7,569bbf6ae62ae22300d16cb5,2016-01-18 05:23:30
5698d6ab2fb0de2600f225ad,569b6d392fb0de2600f3213d,2016-01-18 10:38:20
5698db8241a9d72100240dac,569be1bae62ae22300d17f2a,2016-01-18 10:58:19
5698db912fb0de2600f22fb4,569be1bae62ae22300d17f2a,2016-01-18 11:40:19
5698db872fb0de2600f22f3a,569bba82e62ae22300d165b1,2016-01-18 11:54:57
5698db6441a9d72100240c2b,569be1bae62ae22300d17f2a,2016-01-18 12:05:06
5698db9641a9d72100240ea8,569be1bae62ae22300d17f2a,2016-01-18 12:16:18
5698db722fb0de2600f22e3f,569be1bae62ae22300d17f2a,2016-01-18 12:25:39
5698da4c41a9d721002406ec,569cc786b0e0b62400097089,2016-01-18 13:09:42
5698da612fb0de2600f22acd,569cc786b0e0b62400097089,2016-01-18 13:10:51
5698db8e2fb0de2600f22f86,569be1bae62ae22300d17f2a,2016-01-18 14:13:45
5698da492fb0de2600f229a9,569cc786b0e0b62400097089,2016-01-18 14:25:17
5698d6a82fb0de2600f22586,569cdaf459395e26004c805d,2016-01-18 14:32:03
5698da4541a9d72100240691,569cc786b0e0b62400097089,2016-01-18 14:33:59
5698d6aa2fb0de2600f22591,569cdaf459395e26004c805d,2016-01-18 14:36:49
5698d6aa2fb0de2600f22591,569cdaf459395e26004c805d,2016-01-18 14:37:54
5698dc382fb0de2600f23151,569bba38e62ae22300d16478,2016-01-18 14:41:32
5698dc382fb0de2600f23151,569bba38e62ae22300d16478,2016-01-18 14:42:31
5698dc382fb0de2600f23151,569bba82e62ae22300d165b1,2016-01-18 14:42:48
5698dc382fb0de2600f23151,569bbf6ae62ae22300d16cb5,2016-01-18 14:43:22
5698d6ac2fb0de2600f225b3,569cdaf459395e26004c805d,2016-01-18 14:50:36
5698da612fb0de2600f22acd,569cc786b0e0b62400097089,2016-01-18 14:58:02
5698da612fb0de2600f22acd,569cc786b0e0b62400097089,2016-01-18 14:58:24
5698da4c2fb0de2600f229cb,569cc786b0e0b62400097089,2016-01-18 14:59:06
5698da7a41a9d721002409ed,569cc786b0e0b62400097089,2016-01-18 14:59:49
5698da512fb0de2600f22a13,569cc786b0e0b62400097089,2016-01-18 15:00:39
5698da6c2fb0de2600f22b64,569cc786b0e0b62400097089,2016-01-18 15:00:56
5698da512fb0de2600f22a13,569cc786b0e0b62400097089,2016-01-18 15:01:00
5698da4541a9d72100240693,569904a241a9d72100242b76,2016-01-18 15:01:44
5698da4541a9d72100240693,569cc786b0e0b62400097089,2016-01-18 15:01:59
5698dc4d2fb0de2600f2326b,569ce5fa59395e26004c861d,2016-01-18 15:18:35
5698db8b41a9d72100240e16,569ce5fa59395e26004c861d,2016-01-18 15:19:08
5698db8b41a9d72100240e16,569ce5fa59395e26004c861d,2016-01-18 15:19:52
5698db6c41a9d72100240c93,569ce5fa59395e26004c861d,2016-01-18 15:21:55
5698db672fb0de2600f22da4,569ce5fa59395e26004c861d,2016-01-18 15:22:31
5698db7e2fb0de2600f22ecb,569ce5fa59395e26004c861d,2016-01-18 15:22:41
5698db962fb0de2600f23002,569ce5fa59395e26004c861d,2016-01-18 15:23:08
5698dc382fb0de2600f23151,569ce5fa59395e26004c861d,2016-01-18 15:25:27
5698dc5741a9d7210024112d,569ce5fa59395e26004c861d,2016-01-18 15:25:39
5698db8641a9d72100240dd5,569ce5fa59395e26004c861d,2016-01-18 15:31:09
5698db8641a9d72100240dd5,569ce5fa59395e26004c861d,2016-01-18 15:31:27
5698d6aa2fb0de2600f22591,569cdaf459395e26004c805d,2016-01-18 15:37:30
5698d6aa2fb0de2600f22591,569cdaf459395e26004c805d,2016-01-18 15:38:28
5698db722fb0de2600f22e3f,569ce5fa59395e26004c861d,2016-01-18 15:44:14
5698db722fb0de2600f22e3f,569ce5fa59395e26004c861d,2016-01-18 15:44:30
5698db632fb0de2600f22d79,569ce5fa59395e26004c861d,2016-01-18 15:45:26
5698db8b2fb0de2600f22f63,569ce5fa59395e26004c861d,2016-01-18 15:46:48
5698db8b2fb0de2600f22f63,569ce5fa59395e26004c861d,2016-01-18 15:47:50
5698db8b2fb0de2600f22f63,569ce5fa59395e26004c861d,2016-01-18 15:48:05
5698dc5741a9d7210024112b,569ce5fa59395e26004c861d,2016-01-18 15:59:29
5698db642fb0de2600f22d7e,569ce5fa59395e26004c861d,2016-01-18 16:01:00
5698db8d41a9d72100240e2a,569ce5fa59395e26004c861d,2016-01-18 16:12:06
5698db7a2fb0de2600f22e97,569ce5fa59395e26004c861d,2016-01-18 16:23:34
5698d6ab2fb0de2600f225b1,569cdaf459395e26004c805d,2016-01-18 16:29:47
5698dc5e2fb0de2600f2335d,569ce5fa59395e26004c861d,2016-01-18 16:32:43
5698db8b2fb0de2600f22f63,569ce5fa59395e26004c861d,2016-01-18 16:50:46
5698db912fb0de2600f22fc5,569ce5fa59395e26004c861d,2016-01-18 16:58:36
5698db912fb0de2600f22fc5,569ce5fa59395e26004c861d,2016-01-18 16:59:02
5698db912fb0de2600f22fc5,569be1bae62ae22300d17f2a,2016-01-18 16:59:13
5698db912fb0de2600f22fc5,569bbf6ae62ae22300d16cb5,2016-01-18 16:59:23
5698db912fb0de2600f22fc5,569bbd09e62ae22300d16a76,2016-01-18 16:59:30
5698da4e41a9d72100240708,569cc786b0e0b62400097089,2016-01-18 17:00:27
5698da4e41a9d72100240708,569cc786b0e0b62400097089,2016-01-18 17:00:36
5698db7f41a9d72100240d84,569ce5fa59395e26004c861d,2016-01-18 17:15:57
5698dc542fb0de2600f232cd,569ce5fa59395e26004c861d,2016-01-18 17:20:35
5698d6ac2fb0de2600f225b3,569cdaf459395e26004c805d,2016-01-18 17:35:37
5698dc5a2fb0de2600f2331a,569bba38e62ae22300d16478,2016-01-18 18:04:46
5698dc5a2fb0de2600f2331a,569bba82e62ae22300d165b1,2016-01-18 18:06:05
5698dc5a2fb0de2600f2331a,569bbd09e62ae22300d16a76,2016-01-18 18:08:28
5698dc5a2fb0de2600f2331a,569bbf6ae62ae22300d16cb5,2016-01-18 18:09:51
5698dc5a2fb0de2600f2331a,569be1bae62ae22300d17f2a,2016-01-18 18:10:54
5698dc5341a9d72100241104,569ce5fa59395e26004c861d,2016-01-18 18:13:38
5698dc5341a9d72100241104,569be1bae62ae22300d17f2a,2016-01-18 18:14:44
5698dc5341a9d72100241104,569ce5fa59395e26004c861d,2016-01-18 18:15:14
5698dc5a2fb0de2600f2331a,569ce5fa59395e26004c861d,2016-01-18 18:16:30
5698db7c2fb0de2600f22eb8,569ce5fa59395e26004c861d,2016-01-18 18:22:26
5698dc3f41a9d72100240ffa,569ce5fa59395e26004c861d,2016-01-18 19:40:38
5698da772fb0de2600f22be4,569cc786b0e0b62400097089,2016-01-18 20:14:41
5698dc382fb0de2600f2314c,569ce5fa59395e26004c861d,2016-01-18 20:25:29
5698da6b2fb0de2600f22b4d,569cc786b0e0b62400097089,2016-01-18 20:30:34
5698da542fb0de2600f22a3d,569cc786b0e0b62400097089,2016-01-18 20:36:52
5698da542fb0de2600f22a3d,569cc786b0e0b62400097089,2016-01-18 20:38:38
5698db8741a9d72100240ddb,569ce5fa59395e26004c861d,2016-01-18 20:50:39
5698da4541a9d72100240695,569cc786b0e0b62400097089,2016-01-18 21:26:25
5698db6341a9d72100240c1e,569ce5fa59395e26004c861d,2016-01-18 21:26:31
5698da782fb0de2600f22bef,569cc786b0e0b62400097089,2016-01-18 21:35:19
5698da4e41a9d72100240707,569cc786b0e0b62400097089,2016-01-18 22:17:19
5698db722fb0de2600f22e3e,569ce5fa59395e26004c861d,2016-01-18 22:21:44
5698dc502fb0de2600f23298,569ce5fa59395e26004c861d,2016-01-18 22:33:14
5698dc502fb0de2600f23298,569ce5fa59395e26004c861d,2016-01-18 22:33:39
5698da7041a9d72100240972,569cc786b0e0b62400097089,2016-01-18 23:04:55
5698db6a41a9d72100240c70,569ce5fa59395e26004c861d,2016-01-19 00:08:17
5698da452fb0de2600f22978,569cc786b0e0b62400097089,2016-01-19 00:09:45
5698db7441a9d72100240cec,569ce5fa59395e26004c861d,2016-01-19 00:14:33
5698da4f41a9d72100240710,569cc786b0e0b62400097089,2016-01-19 01:59:01
5698db7441a9d72100240cec,569ce5fa59395e26004c861d,2016-01-19 07:34:04
5698db7441a9d72100240cec,569ce5fa59395e26004c861d,2016-01-19 07:43:04
5698da4541a9d72100240691,569cc786b0e0b62400097089,2016-01-19 08:20:45
5698da612fb0de2600f22acb,569904a241a9d72100242b76,2016-01-19 09:27:29
5698da612fb0de2600f22acb,569cc786b0e0b62400097089,2016-01-19 09:27:36
5698da612fb0de2600f22acb,569cc786b0e0b62400097089,2016-01-19 09:28:03
5698dc4e41a9d721002410b9,569ce5fa59395e26004c861d,2016-01-19 10:49:22
5698d6aa41a9d72100240105,569b6a432fb0de2600f31ffe,2016-01-19 11:21:10
5698d6aa41a9d72100240105,569b6a432fb0de2600f31ffe,2016-01-19 11:31:31
5698da7541a9d7210024099f,569cc786b0e0b62400097089,2016-01-19 12:54:21
5698da7541a9d7210024099f,569904a241a9d72100242b76,2016-01-19 12:54:35
5698d6ab2fb0de2600f225b1,569cdaf459395e26004c805d,2016-01-19 13:03:45
5698d6a82fb0de2600f22586,569e1770aad1bf2600b0d0e4,2016-01-19 13:18:51
5698db702fb0de2600f22e20,569ce5fa59395e26004c861d,2016-01-19 13:23:55
5698db702fb0de2600f22e20,569ce5fa59395e26004c861d,2016-01-19 13:24:14
5698d6ab2fb0de2600f225b1,569cdaf459395e26004c805d,2016-01-19 14:12:10
5698d6ab2fb0de2600f225b1,569cdaf459395e26004c805d,2016-01-19 14:12:40
5698d6ab2fb0de2600f225b1,569cdaf459395e26004c805d,2016-01-19 14:12:50
5698d6ab2fb0de2600f225b1,569cdaf459395e26004c805d,2016-01-19 14:13:45
5698d6a841a9d721002400f3,569e1770aad1bf2600b0d0e4,2016-01-19 14:18:58
5698d6ab2fb0de2600f225b0,569e1b0159395e26004ccdcd,2016-01-19 14:30:31
5698db722fb0de2600f22e3f,569ce5fa59395e26004c861d,2016-01-19 14:42:04
5698dc4c41a9d721002410b0,569ce5fa59395e26004c861d,2016-01-19 14:56:53
5698dc4c41a9d721002410b0,569be1bae62ae22300d17f2a,2016-01-19 14:57:12
5698dc4c41a9d721002410b0,569ce5fa59395e26004c861d,2016-01-19 14:57:21
5698da672fb0de2600f22b1d,569cc786b0e0b62400097089,2016-01-19 15:02:08
5698da732fb0de2600f22bb2,569cc786b0e0b62400097089,2016-01-19 16:49:13
5698db672fb0de2600f22da4,569bba38e62ae22300d16478,2016-01-19 17:17:08
5698db7141a9d72100240cc0,569ce5fa59395e26004c861d,2016-01-19 17:22:51
5698dc592fb0de2600f23311,569bba38e62ae22300d16478,2016-01-19 17:28:14
5698dc592fb0de2600f23311,569bba38e62ae22300d16478,2016-01-19 17:28:45
5698dc592fb0de2600f23311,569bba38e62ae22300d16478,2016-01-19 17:29:53
5698da6341a9d721002408db,569904a241a9d72100242b76,2016-01-19 17:59:22
5698dc3a2fb0de2600f23175,569bba38e62ae22300d16478,2016-01-19 18:52:15
5698dc452fb0de2600f231ff,569ce5fa59395e26004c861d,2016-01-19 18:54:47
5698d6ab2fb0de2600f225b0,569e528eaad1bf2600b0ecbd,2016-01-19 18:58:43
5698db962fb0de2600f22ffe,569ce5fa59395e26004c861d,2016-01-19 19:13:58
5698da4e41a9d72100240708,569904a241a9d72100242b76,2016-01-19 19:29:16
5698db6b2fb0de2600f22dd9,569ce5fa59395e26004c861d,2016-01-19 19:34:24
5698da7a41a9d721002409ed,569cc786b0e0b62400097089,2016-01-19 20:02:08
5698da7a41a9d721002409ed,569cc786b0e0b62400097089,2016-01-19 20:03:58
5698db962fb0de2600f22ffe,569ce5fa59395e26004c861d,2016-01-19 22:02:33
5698db6941a9d72100240c6d,569ce5fa59395e26004c861d,2016-01-19 22:39:32
5698db7441a9d72100240cf0,569ce5fa59395e26004c861d,2016-01-19 23:35:36
5698da692fb0de2600f22b3d,569cc786b0e0b62400097089,2016-01-20 00:04:16
5698da692fb0de2600f22b3d,569cc786b0e0b62400097089,2016-01-20 00:04:34
5698dc4e41a9d721002410be,569ce5fa59395e26004c861d,2016-01-20 00:54:47
5698da5d2fb0de2600f22a9e,569904a241a9d72100242b76,2016-01-20 01:57:40
5698db962fb0de2600f23002,569ce5fa59395e26004c861d,2016-01-20 09:22:54
5698db962fb0de2600f23002,569be1bae62ae22300d17f2a,2016-01-20 09:23:10
5698da7241a9d72100240997,569cc786b0e0b62400097089,2016-01-20 10:00:11
5698da7241a9d72100240997,569cc786b0e0b62400097089,2016-01-20 10:00:32
5698da452fb0de2600f22977,569cc786b0e0b62400097089,2016-01-20 10:59:43
5698db632fb0de2600f22d79,569ce5fa59395e26004c861d,2016-01-20 11:55:53
5698da4e41a9d72100240709,569904a241a9d72100242b76,2016-01-20 12:08:17
5698da6a41a9d72100240928,569cc786b0e0b62400097089,2016-01-20 12:17:54
5698db672fb0de2600f22da4,569bba38e62ae22300d16478,2016-01-20 12:39:38
5698db9041a9d72100240e5a,569ce5fa59395e26004c861d,2016-01-20 12:49:41
5698da7b41a9d721002409f6,569cc786b0e0b62400097089,2016-01-20 13:41:26
5698db632fb0de2600f22d79,569ce5fa59395e26004c861d,2016-01-20 13:50:49
5698dc5741a9d7210024112c,569ce5fa59395e26004c861d,2016-01-20 16:25:46
5698dc5741a9d7210024112c,569bba38e62ae22300d16478,2016-01-20 16:26:25
5698dc5741a9d7210024112c,569bba82e62ae22300d165b1,2016-01-20 16:26:45
5698dc5741a9d7210024112c,569bbd09e62ae22300d16a76,2016-01-20 16:27:07
5698dc5741a9d7210024112c,569bbd09e62ae22300d16a76,2016-01-20 16:28:21
5698dc5741a9d7210024112c,569bbf6ae62ae22300d16cb5,2016-01-20 16:28:46
5698dc5741a9d7210024112c,569bbf6ae62ae22300d16cb5,2016-01-20 16:29:08
5698dc4a2fb0de2600f23243,569ce5fa59395e26004c861d,2016-01-20 16:30:47
5698dc5741a9d7210024112c,569be1bae62ae22300d17f2a,2016-01-20 16:33:34
5698dc5741a9d7210024112c,569ce5fa59395e26004c861d,2016-01-20 16:47:06
5698da5b41a9d721002407a0,569cc786b0e0b62400097089,2016-01-20 17:38:42
5698da5e2fb0de2600f22aa3,569cc786b0e0b62400097089,2016-01-20 17:57:01
5698da5b2fb0de2600f22a88,569cc786b0e0b62400097089,2016-01-20 19:16:01
5698da792fb0de2600f22c02,569cc786b0e0b62400097089,2016-01-20 19:54:56
5698da792fb0de2600f22c02,569cc786b0e0b62400097089,2016-01-20 19:55:38
5698da692fb0de2600f22b3e,569cc786b0e0b62400097089,2016-01-20 20:35:56
5698da5b2fb0de2600f22a88,569cc786b0e0b62400097089,2016-01-20 20:45:06
5698da5841a9d72100240778,569cc786b0e0b62400097089,2016-01-20 21:00:41
5698da5a2fb0de2600f22a7a,569ce5fa59395e26004c861d,2016-01-20 21:22:17
5698da5a2fb0de2600f22a7a,569ce5fa59395e26004c861d,2016-01-20 21:24:12
5698da602fb0de2600f22ac4,569cc786b0e0b62400097089,2016-01-20 21:28:42
5698da4541a9d72100240691,569cc786b0e0b62400097089,2016-01-20 23:18:39
5698da4541a9d72100240691,569cc786b0e0b62400097089,2016-01-20 23:19:26
5698da4e41a9d72100240708,569cc786b0e0b62400097089,2016-01-21 00:04:25
5698da4e41a9d72100240708,569cc786b0e0b62400097089,2016-01-21 00:04:36
5698da4941a9d721002406c2,569cc786b0e0b62400097089,2016-01-21 01:00:18
5698da542fb0de2600f22a3d,569cc786b0e0b62400097089,2016-01-21 09:11:18
5698da522fb0de2600f22a1d,569cc786b0e0b62400097089,2016-01-21 09:15:45
5698da5841a9d72100240776,569cc786b0e0b62400097089,2016-01-21 09:46:30
5698da452fb0de2600f22976,569cc786b0e0b62400097089,2016-01-21 09:56:57
5698da452fb0de2600f22976,569cc786b0e0b62400097089,2016-01-21 09:57:22
5698da4541a9d72100240691,569cc786b0e0b62400097089,2016-01-21 11:18:54
5698da4841a9d721002406bf,569cc786b0e0b62400097089,2016-01-21 12:09:22
5698da6741a9d72100240900,569cc786b0e0b62400097089,2016-01-21 12:12:28
5698da4541a9d72100240693,569904a241a9d72100242b76,2016-01-21 12:30:09
5698da4b41a9d721002406e2,569cc786b0e0b62400097089,2016-01-21 12:49:23
5698dc5d41a9d72100241180,569ce5fa59395e26004c861d,2016-01-21 13:00:42
5698da4c41a9d721002406ec,569cc786b0e0b62400097089,2016-01-21 13:16:43
5698db762fb0de2600f22e6c,569ce5fa59395e26004c861d,2016-01-21 14:36:49
5698da4c41a9d721002406ec,569cc786b0e0b62400097089,2016-01-21 15:21:21
5698da712fb0de2600f22b92,569cc786b0e0b62400097089,2016-01-21 16:03:19
5698da4e41a9d72100240708,569904a241a9d72100242b76,2016-01-21 18:34:11
5698dc5d2fb0de2600f23342,569ce5fa59395e26004c861d,2016-01-22 04:12:45
5698dc5541a9d72100241127,569ce5fa59395e26004c861d,2016-01-22 09:21:07
5698dc5541a9d72100241127,569ce5fa59395e26004c861d,2016-01-22 09:21:23
5698dc5541a9d72100241127,569be1bae62ae22300d17f2a,2016-01-22 09:21:34
5698dc5541a9d72100241127,569bbf6ae62ae22300d16cb5,2016-01-22 09:21:41
5698dc5541a9d72100241127,569bbd09e62ae22300d16a76,2016-01-22 09:21:47
5698da7141a9d7210024097f,569cc786b0e0b62400097089,2016-01-22 11:13:45
5698d6ac2fb0de2600f225b7,569cdaf459395e26004c805d,2016-01-22 13:49:19
5698d6ac2fb0de2600f225b7,569cdaf459395e26004c805d,2016-01-22 13:49:45
5698da6f41a9d7210024096f,569cc786b0e0b62400097089,2016-01-22 15:02:38
5698dc382fb0de2600f23157,569ce5fa59395e26004c861d,2016-01-22 16:25:05
5698db8a41a9d72100240e06,569ce5fa59395e26004c861d,2016-01-22 19:40:32
5698db702fb0de2600f22e20,569ce5fa59395e26004c861d,2016-01-22 23:26:11
5698dc4c2fb0de2600f23268,569ce5fa59395e26004c861d,2016-01-23 09:50:11
5698da7541a9d721002409a3,569cc786b0e0b62400097089,2016-01-23 12:27:55
5698dc5741a9d7210024112b,569ce5fa59395e26004c861d,2016-01-23 13:15:17
5698dc5741a9d7210024112b,569ce5fa59395e26004c861d,2016-01-23 13:15:32
5698db6841a9d72100240c53,569be1bae62ae22300d17f2a,2016-01-23 20:05:06
5698db6841a9d72100240c53,569ce5fa59395e26004c861d,2016-01-23 20:09:59
5698dc4d2fb0de2600f2326b,569ce5fa59395e26004c861d,2016-01-23 21:25:58
5698dc4d2fb0de2600f2326b,569ce5fa59395e26004c861d,2016-01-23 21:26:13
5698db8b2fb0de2600f22f7e,569ce5fa59395e26004c861d,2016-01-24 12:33:07
5698db8b2fb0de2600f22f7e,569be1bae62ae22300d17f2a,2016-01-24 12:33:22
5698db8241a9d72100240daa,569ce5fa59395e26004c861d,2016-01-24 13:36:33
5698db722fb0de2600f22e3f,569ce5fa59395e26004c861d,2016-01-24 15:02:18
5698db802fb0de2600f22ef0,569ce5fa59395e26004c861d,2016-01-24 17:20:13
5698db642fb0de2600f22d7d,569ce5fa59395e26004c861d,2016-01-24 17:55:57
5698db702fb0de2600f22e20,569be1bae62ae22300d17f2a,2016-01-24 18:14:36
5698db702fb0de2600f22e20,569ce5fa59395e26004c861d,2016-01-24 18:14:51
5698da6541a9d721002408fa,569904a241a9d72100242b76,2016-01-24 18:31:32
5698dc5e41a9d72100241185,569ce5fa59395e26004c861d,2016-01-24 18:38:52
5698dc5e41a9d72100241185,569bbd09e62ae22300d16a76,2016-01-24 18:39:35
5698dc5e41a9d72100241185,569bbd09e62ae22300d16a76,2016-01-24 18:39:40
5698dc5e41a9d72100241185,569bbf6ae62ae22300d16cb5,2016-01-24 18:39:48
5698dc5e41a9d72100241185,569be1bae62ae22300d17f2a,2016-01-24 18:39:57
5698db642fb0de2600f22d7e,569ce5fa59395e26004c861d,2016-01-24 19:15:49
5698db632fb0de2600f22d79,56a52aa1c9741c250008237e,2016-01-24 21:49:21
5698db732fb0de2600f22e47,56a52aa1c9741c250008237e,2016-01-24 21:49:29
5698db6b2fb0de2600f22dd9,56a52aa1c9741c250008237e,2016-01-24 21:49:51
5698dc3a2fb0de2600f23175,56a52aa1c9741c250008237e,2016-01-24 21:49:52
5698db8e2fb0de2600f22f86,56a52aa1c9741c250008237e,2016-01-24 21:50:47
5698dc4b41a9d72100241094,56a52aa1c9741c250008237e,2016-01-24 21:51:31
5698db7f2fb0de2600f22edd,56a52aa1c9741c250008237e,2016-01-24 21:51:31
5698db7f41a9d72100240d82,56a52aa1c9741c250008237e,2016-01-24 21:51:54
5698db7f2fb0de2600f22edd,56a52aa1c9741c250008237e,2016-01-24 21:52:07
5698db842fb0de2600f22f0d,56a52aa1c9741c250008237e,2016-01-24 21:52:41
5698db7f2fb0de2600f22edd,56a52aa1c9741c250008237e,2016-01-24 21:52:50
5698dc5541a9d72100241127,56a52aa1c9741c250008237e,2016-01-24 21:54:44
5698db7c2fb0de2600f22eb8,56a52aa1c9741c250008237e,2016-01-24 21:55:53
5698db722fb0de2600f22e3f,56a52aa1c9741c250008237e,2016-01-24 21:56:08
5698dc5741a9d7210024112b,56a52aa1c9741c250008237e,2016-01-24 21:59:45
5698db872fb0de2600f22f3c,569ce5fa59395e26004c861d,2016-01-24 22:13:04
5698db672fb0de2600f22da4,56a52aa1c9741c250008237e,2016-01-24 22:17:49
5698db682fb0de2600f22da9,56a52aa1c9741c250008237e,2016-01-24 22:18:16
5698dc3b41a9d72100240fca,56a52aa1c9741c250008237e,2016-01-24 22:19:25
5698dc3b41a9d72100240fca,56a52aa1c9741c250008237e,2016-01-24 22:19:42
5698db642fb0de2600f22d7e,56a52aa1c9741c250008237e,2016-01-24 22:24:41
5698db8641a9d72100240dd5,56a52aa1c9741c250008237e,2016-01-24 22:25:44
5698db8641a9d72100240dd5,56a52aa1c9741c250008237e,2016-01-24 22:26:14
5698db702fb0de2600f22e20,56a52aa1c9741c250008237e,2016-01-24 22:31:21
5698db962fb0de2600f23002,56a52aa1c9741c250008237e,2016-01-24 22:40:59
5698d6ab2fb0de2600f225b1,569cdaf459395e26004c805d,2016-01-24 22:44:02
5698d6ab2fb0de2600f225b1,569cdaf459395e26004c805d,2016-01-24 22:45:49
5698db912fb0de2600f22fb4,56a52aa1c9741c250008237e,2016-01-24 22:48:20
5698dc4041a9d72100241013,56a52aa1c9741c250008237e,2016-01-24 22:49:45
5698d6ab2fb0de2600f225b1,569cdaf459395e26004c805d,2016-01-24 22:50:41
5698dc4041a9d72100241013,56a52aa1c9741c250008237e,2016-01-24 22:51:49
5698dc542fb0de2600f232cd,56a52aa1c9741c250008237e,2016-01-24 22:55:31
5698db6a41a9d72100240c70,56a52aa1c9741c250008237e,2016-01-24 22:59:07
5698db6a41a9d72100240c70,56a52aa1c9741c250008237e,2016-01-24 23:01:05
5698dc3f41a9d72100240ffa,56a52aa1c9741c250008237e,2016-01-24 23:03:34
5698dc3f41a9d72100240ffa,56a52aa1c9741c250008237e,2016-01-24 23:03:56
5698dc3f41a9d72100240ffa,569ce5fa59395e26004c861d,2016-01-24 23:04:12
5698db962fb0de2600f22ffb,569ce5fa59395e26004c861d,2016-01-24 23:30:57
5698db962fb0de2600f22ffb,56a52aa1c9741c250008237e,2016-01-24 23:31:19
5698db962fb0de2600f22ffb,56a52aa1c9741c250008237e,2016-01-24 23:31:36
5698dc492fb0de2600f23240,56a52aa1c9741c250008237e,2016-01-24 23:37:06
5698db8b2fb0de2600f22f7e,56a52aa1c9741c250008237e,2016-01-24 23:39:12
5698db8441a9d72100240db9,56a52aa1c9741c250008237e,2016-01-24 23:39:36
5698da4941a9d721002406c2,56a545f74d946d2400ad33ff,2016-01-24 23:46:10
5698da602fb0de2600f22ac4,56a545f74d946d2400ad33ff,2016-01-24 23:46:15
5698da4e41a9d72100240708,56a545f74d946d2400ad33ff,2016-01-24 23:46:19
5698da4e41a9d72100240708,56a545f74d946d2400ad33ff,2016-01-24 23:46:36
5698da5e2fb0de2600f22ab6,56a545f74d946d2400ad33ff,2016-01-24 23:46:47
5698db912fb0de2600f22fc5,56a52aa1c9741c250008237e,2016-01-24 23:49:23
5698da7341a9d72100240999,56a545f74d946d2400ad33ff,2016-01-24 23:49:28
5698da7341a9d72100240999,56a545f74d946d2400ad33ff,2016-01-24 23:49:45
5698da6741a9d72100240900,56a545f74d946d2400ad33ff,2016-01-24 23:51:32
5698da6741a9d72100240900,56a545f74d946d2400ad33ff,2016-01-24 23:51:47
5698da512fb0de2600f22a13,56a545f74d946d2400ad33ff,2016-01-24 23:52:00
5698da692fb0de2600f22b3e,56a545f74d946d2400ad33ff,2016-01-24 23:52:01
5698da742fb0de2600f22bbe,56a545f74d946d2400ad33ff,2016-01-24 23:52:20
5698da512fb0de2600f22a13,56a545f74d946d2400ad33ff,2016-01-24 23:52:53
5698da6841a9d7210024090a,56a545f74d946d2400ad33ff,2016-01-24 23:59:58
5698da4e41a9d72100240708,56a545f74d946d2400ad33ff,2016-01-25 00:02:51
5698da4e41a9d72100240708,56a545f74d946d2400ad33ff,2016-01-25 00:02:57
5698dc452fb0de2600f23212,56a52aa1c9741c250008237e,2016-01-25 00:03:30
5698dc452fb0de2600f23212,56a52aa1c9741c250008237e,2016-01-25 00:04:05
5698db5f2fb0de2600f22d4e,56a52aa1c9741c250008237e,2016-01-25 00:04:51
5698dc452fb0de2600f23212,56a52aa1c9741c250008237e,2016-01-25 00:06:06
5698da6d41a9d72100240952,56a545f74d946d2400ad33ff,2016-01-25 00:07:44
5698da6d41a9d72100240952,56a545f74d946d2400ad33ff,2016-01-25 00:08:06
5698da6d41a9d72100240952,56a545f74d946d2400ad33ff,2016-01-25 00:08:59
5698da6d41a9d72100240952,56a545f74d946d2400ad33ff,2016-01-25 00:09:10
5698da4f2fb0de2600f229fa,56a545f74d946d2400ad33ff,2016-01-25 00:09:40
5698da6341a9d721002408db,56a545f74d946d2400ad33ff,2016-01-25 00:10:49
5698da4f2fb0de2600f229fa,56a545f74d946d2400ad33ff,2016-01-25 00:10:58
5698db8741a9d72100240ddb,56a52aa1c9741c250008237e,2016-01-25 00:21:55
5698dc4b41a9d72100241094,56a52aa1c9741c250008237e,2016-01-25 00:24:40
5698dc4b41a9d72100241094,569ce5fa59395e26004c861d,2016-01-25 00:24:51
5698da5341a9d7210024073a,56a545f74d946d2400ad33ff,2016-01-25 00:31:44
5698da532fb0de2600f22a1e,56a545f74d946d2400ad33ff,2016-01-25 00:35:34
5698db842fb0de2600f22f0d,56a52aa1c9741c250008237e,2016-01-25 00:35:49
5698dc4e41a9d721002410b9,56a52aa1c9741c250008237e,2016-01-25 00:43:35
5698da6f2fb0de2600f22b8a,56a545f74d946d2400ad33ff,2016-01-25 00:56:59
5698db8a41a9d72100240e06,56a52aa1c9741c250008237e,2016-01-25 00:58:32
5698db7441a9d72100240cec,56a52aa1c9741c250008237e,2016-01-25 00:59:50
5698db7441a9d72100240cec,56a52aa1c9741c250008237e,2016-01-25 01:01:50
5698db7441a9d72100240cec,56a52aa1c9741c250008237e,2016-01-25 01:02:53
5698da6441a9d721002408e4,56a545f74d946d2400ad33ff,2016-01-25 01:07:49
5698da6441a9d721002408e4,56a545f74d946d2400ad33ff,2016-01-25 01:08:07
5698db6c41a9d72100240c93,56a52aa1c9741c250008237e,2016-01-25 01:08:52
5698da4e41a9d72100240707,56a545f74d946d2400ad33ff,2016-01-25 01:10:08
5698da602fb0de2600f22ac4,56a545f74d946d2400ad33ff,2016-01-25 01:21:30
5698da492fb0de2600f229a9,56a545f74d946d2400ad33ff,2016-01-25 01:34:15
5698da5c41a9d721002407a3,56a545f74d946d2400ad33ff,2016-01-25 01:35:19
5698dc542fb0de2600f232c6,56a52aa1c9741c250008237e,2016-01-25 02:05:32
5698dc392fb0de2600f23174,56a52aa1c9741c250008237e,2016-01-25 03:31:48
5698dc392fb0de2600f23174,56a52aa1c9741c250008237e,2016-01-25 03:32:15
5698dc502fb0de2600f23298,56a52aa1c9741c250008237e,2016-01-25 06:40:15
5698dc502fb0de2600f23298,56a52aa1c9741c250008237e,2016-01-25 06:40:37
5698dc502fb0de2600f23298,56a52aa1c9741c250008237e,2016-01-25 06:41:01
5698da772fb0de2600f22be4,56a545f74d946d2400ad33ff,2016-01-25 07:07:07
5698db8b2fb0de2600f22f63,56a52aa1c9741c250008237e,2016-01-25 08:11:33
5698db8b2fb0de2600f22f63,56a52aa1c9741c250008237e,2016-01-25 08:12:00
5698db8b2fb0de2600f22f63,56a52aa1c9741c250008237e,2016-01-25 08:12:12
5698da682fb0de2600f22b25,56a545f74d946d2400ad33ff,2016-01-25 09:05:20
5698db632fb0de2600f22d79,56a52aa1c9741c250008237e,2016-01-25 09:12:43
5698dc4941a9d7210024108a,56a52aa1c9741c250008237e,2016-01-25 09:29:45
5698db8a2fb0de2600f22f5e,569ce5fa59395e26004c861d,2016-01-25 09:31:08
5698db8a2fb0de2600f22f5e,56a52aa1c9741c250008237e,2016-01-25 09:31:21
5698db962fb0de2600f23002,56a52aa1c9741c250008237e,2016-01-25 09:33:07
5698db8f2fb0de2600f22faa,56a52aa1c9741c250008237e,2016-01-25 09:35:02
5698da7b41a9d721002409f6,56a545f74d946d2400ad33ff,2016-01-25 10:18:48
569f7f8635827027001cb860,56a52aa1c9741c250008237e,2016-01-25 10:18:56
5698da7b41a9d721002409f6,56a545f74d946d2400ad33ff,2016-01-25 10:19:11
569f7f8635827027001cb860,56a52aa1c9741c250008237e,2016-01-25 10:19:21
5698da522fb0de2600f22a17,56a545f74d946d2400ad33ff,2016-01-25 10:26:56
5698db9341a9d72100240e7b,56a52aa1c9741c250008237e,2016-01-25 10:34:23
5698db942fb0de2600f22fe2,56a52aa1c9741c250008237e,2016-01-25 10:35:22
5698db942fb0de2600f22fe2,56a52aa1c9741c250008237e,2016-01-25 10:36:10
5698db9341a9d72100240e7b,56a52aa1c9741c250008237e,2016-01-25 10:37:14
5698db9341a9d72100240e7b,56a52aa1c9741c250008237e,2016-01-25 10:40:14
5698da452fb0de2600f22976,56a545f74d946d2400ad33ff,2016-01-25 10:43:33
5698da4541a9d72100240690,56a545f74d946d2400ad33ff,2016-01-25 10:48:17
5698db932fb0de2600f22fde,56a52aa1c9741c250008237e,2016-01-25 10:59:54
5698db932fb0de2600f22fde,56a52aa1c9741c250008237e,2016-01-25 11:01:00
5698da4c41a9d721002406ec,56a545f74d946d2400ad33ff,2016-01-25 11:07:45
5698da6a41a9d72100240928,56a545f74d946d2400ad33ff,2016-01-25 11:08:35
5698da4c41a9d721002406ec,56a545f74d946d2400ad33ff,2016-01-25 11:08:42
5698da6a41a9d72100240928,56a545f74d946d2400ad33ff,2016-01-25 11:08:46
5698dc4141a9d72100241016,56a52aa1c9741c250008237e,2016-01-25 11:10:39
5698da612fb0de2600f22acd,56a545f74d946d2400ad33ff,2016-01-25 11:25:23
5698db6841a9d72100240c53,56a52aa1c9741c250008237e,2016-01-25 11:34:21
5698dc592fb0de2600f23311,56a52aa1c9741c250008237e,2016-01-25 11:40:35
5698da452fb0de2600f22976,56a545f74d946d2400ad33ff,2016-01-25 11:49:09
5698da4c2fb0de2600f229ce,56a545f74d946d2400ad33ff,2016-01-25 11:51:30
5698db892fb0de2600f22f57,56a52aa1c9741c250008237e,2016-01-25 11:59:35
5698da662fb0de2600f22b15,569cc786b0e0b62400097089,2016-01-25 12:01:09
5698da662fb0de2600f22b15,56a545f74d946d2400ad33ff,2016-01-25 12:01:22
5698db9241a9d72100240e72,56a52aa1c9741c250008237e,2016-01-25 12:01:26
5698da7041a9d72100240972,56a545f74d946d2400ad33ff,2016-01-25 12:01:38
5698db702fb0de2600f22e1d,56a52aa1c9741c250008237e,2016-01-25 12:02:17
5698da6c41a9d72100240947,56a545f74d946d2400ad33ff,2016-01-25 12:04:48
5698da562fb0de2600f22a50,56a545f74d946d2400ad33ff,2016-01-25 12:05:32
5698db612fb0de2600f22d5a,56a52aa1c9741c250008237e,2016-01-25 12:06:05
5698db612fb0de2600f22d5a,569ce5fa59395e26004c861d,2016-01-25 12:06:16
5698db702fb0de2600f22e1d,569ce5fa59395e26004c861d,2016-01-25 12:06:41
5698db6a2fb0de2600f22dc9,56a52aa1c9741c250008237e,2016-01-25 12:07:08
5698db8e2fb0de2600f22f88,569ce5fa59395e26004c861d,2016-01-25 12:07:55
5698da662fb0de2600f22b15,56a545f74d946d2400ad33ff,2016-01-25 12:08:06
5698db8841a9d72100240dfe,56a52aa1c9741c250008237e,2016-01-25 12:09:33
5698db762fb0de2600f22e6c,56a52aa1c9741c250008237e,2016-01-25 12:10:06
5698db8f2fb0de2600f22faa,56a52aa1c9741c250008237e,2016-01-25 12:10:14
5698db6541a9d72100240c42,56a52aa1c9741c250008237e,2016-01-25 12:10:22
5698da492fb0de2600f229a7,56a545f74d946d2400ad33ff,2016-01-25 12:10:58
5698db632fb0de2600f22d7b,56a52aa1c9741c250008237e,2016-01-25 12:10:59
5698db762fb0de2600f22e70,56a52aa1c9741c250008237e,2016-01-25 12:15:16
5698db7141a9d72100240cc4,56a52aa1c9741c250008237e,2016-01-25 12:15:48
5698da4c41a9d721002406e4,56a545f74d946d2400ad33ff,2016-01-25 12:17:58
5698db702fb0de2600f22e1c,569ce5fa59395e26004c861d,2016-01-25 12:19:08
5698db8841a9d72100240dfe,56a52aa1c9741c250008237e,2016-01-25 12:19:22
5698db6f41a9d72100240cbd,56a52aa1c9741c250008237e,2016-01-25 12:19:32
5698da452fb0de2600f22976,56a545f74d946d2400ad33ff,2016-01-25 12:19:43
5698db672fb0de2600f22da4,56a52aa1c9741c250008237e,2016-01-25 12:21:33
5698da5341a9d7210024073b,56a545f74d946d2400ad33ff,2016-01-25 12:24:54
5698db7141a9d72100240cc4,56a52aa1c9741c250008237e,2016-01-25 12:26:56
5698da7241a9d72100240997,56a545f74d946d2400ad33ff,2016-01-25 12:33:32
5698da7241a9d72100240997,56a545f74d946d2400ad33ff,2016-01-25 12:33:58
5698da6341a9d721002408ce,56a545f74d946d2400ad33ff,2016-01-25 12:34:12
5698da6341a9d721002408ce,569cc786b0e0b62400097089,2016-01-25 12:34:24
5698da6641a9d721002408fc,56a545f74d946d2400ad33ff,2016-01-25 12:35:49
5698da5d2fb0de2600f22a9e,56a545f74d946d2400ad33ff,2016-01-25 12:47:43
5698da6b2fb0de2600f22b4b,56a545f74d946d2400ad33ff,2016-01-25 12:49:28
5698da7341a9d72100240999,56a545f74d946d2400ad33ff,2016-01-25 12:50:40
5698d6a841a9d721002400f3,569e1770aad1bf2600b0d0e4,2016-01-25 12:51:27
5698dc592fb0de2600f23311,56a52aa1c9741c250008237e,2016-01-25 12:58:10
5698da6e2fb0de2600f22b74,56a545f74d946d2400ad33ff,2016-01-25 12:59:28
5698da742fb0de2600f22bc1,56a545f74d946d2400ad33ff,2016-01-25 13:09:02
5698da742fb0de2600f22bc1,56a545f74d946d2400ad33ff,2016-01-25 13:09:21
5698db6a41a9d72100240c72,569ce5fa59395e26004c861d,2016-01-25 13:09:43
5698da5341a9d7210024073b,56a60254c9741c2500082a8f,2016-01-25 13:09:44
5698da602fb0de2600f22ac5,56a60254c9741c2500082a8f,2016-01-25 13:10:01
5698db6a41a9d72100240c72,56a52aa1c9741c250008237e,2016-01-25 13:10:01
5698da7541a9d721002409a2,56a60254c9741c2500082a8f,2016-01-25 13:10:23
5698da6c2fb0de2600f22b62,56a60254c9741c2500082a8f,2016-01-25 13:10:24
5698da7341a9d72100240999,56a60254c9741c2500082a8f,2016-01-25 13:10:35
5698da7741a9d721002409c3,56a60254c9741c2500082a8f,2016-01-25 13:11:08
5698db6a41a9d72100240c72,56a52aa1c9741c250008237e,2016-01-25 13:14:44
5698da532fb0de2600f22a1f,56a60254c9741c2500082a8f,2016-01-25 13:15:19
5698da532fb0de2600f22a1f,56a545f74d946d2400ad33ff,2016-01-25 13:15:48
5698da452fb0de2600f22976,56a60254c9741c2500082a8f,2016-01-25 13:16:05
5698da6c41a9d72100240948,56a60254c9741c2500082a8f,2016-01-25 13:16:09
5698db7141a9d72100240cc4,56a52aa1c9741c250008237e,2016-01-25 13:16:15
5698da5e2fb0de2600f22aa3,56a60254c9741c2500082a8f,2016-01-25 13:17:02
5698da5e2fb0de2600f22aa3,56a60254c9741c2500082a8f,2016-01-25 13:17:11
5698da642fb0de2600f22afa,56a60254c9741c2500082a8f,2016-01-25 13:22:00
5698da4e41a9d72100240709,56a60254c9741c2500082a8f,2016-01-25 13:24:05
5698da6341a9d721002408cd,56a60254c9741c2500082a8f,2016-01-25 13:25:34
5698da6341a9d721002408cd,56a545f74d946d2400ad33ff,2016-01-25 13:26:16
5698da5d2fb0de2600f22a9e,56a60254c9741c2500082a8f,2016-01-25 13:26:51
5698da6d41a9d72100240952,56a60254c9741c2500082a8f,2016-01-25 13:27:44
5698da4641a9d721002406a9,56a60254c9741c2500082a8f,2016-01-25 13:29:36
5698da4641a9d721002406a9,56a545f74d946d2400ad33ff,2016-01-25 13:29:52
5698db6f2fb0de2600f22e16,56a52aa1c9741c250008237e,2016-01-25 13:29:55
5698da4e41a9d72100240708,56a60254c9741c2500082a8f,2016-01-25 13:30:20
5698da4e41a9d72100240708,56a60254c9741c2500082a8f,2016-01-25 13:30:25
5698da492fb0de2600f229a7,56a60254c9741c2500082a8f,2016-01-25 13:32:44
5698da6841a9d7210024090a,56a60254c9741c2500082a8f,2016-01-25 13:35:57
5698db6f2fb0de2600f22e16,56a52aa1c9741c250008237e,2016-01-25 13:42:49
5698da4e41a9d72100240709,56a60254c9741c2500082a8f,2016-01-25 13:51:46
5698db9441a9d72100240e8c,56a52aa1c9741c250008237e,2016-01-25 13:54:31
5698da602fb0de2600f22ac4,56a60254c9741c2500082a8f,2016-01-25 13:57:11
5698da6e2fb0de2600f22b74,56a60254c9741c2500082a8f,2016-01-25 13:57:49
5698da5341a9d7210024073b,56a60254c9741c2500082a8f,2016-01-25 13:58:10
5698da712fb0de2600f22b91,56a60254c9741c2500082a8f,2016-01-25 14:03:43
5698da712fb0de2600f22b91,56a545f74d946d2400ad33ff,2016-01-25 14:04:26
5698da6541a9d721002408fa,56a545f74d946d2400ad33ff,2016-01-25 14:06:02
5698da4541a9d72100240693,56a545f74d946d2400ad33ff,2016-01-25 14:09:51
5698db8a41a9d72100240e06,56a52aa1c9741c250008237e,2016-01-25 14:09:54
5698da4541a9d72100240693,56a60254c9741c2500082a8f,2016-01-25 14:10:02
5698da772fb0de2600f22be4,56a60254c9741c2500082a8f,2016-01-25 14:16:44
5698da4f2fb0de2600f229fa,56a60254c9741c2500082a8f,2016-01-25 14:21:18
5698db6f41a9d72100240cbd,56a52aa1c9741c250008237e,2016-01-25 14:23:05
5698db8841a9d72100240dfe,56a52aa1c9741c250008237e,2016-01-25 14:23:38
5698da4c2fb0de2600f229cb,56a545f74d946d2400ad33ff,2016-01-25 14:25:36
5698db932fb0de2600f22fdb,569ce5fa59395e26004c861d,2016-01-25 14:26:30
5698da662fb0de2600f22b19,56a60254c9741c2500082a8f,2016-01-25 14:36:45
5698db6f41a9d72100240cbd,56a52aa1c9741c250008237e,2016-01-25 14:39:45
5698da6c2fb0de2600f22b62,56a60254c9741c2500082a8f,2016-01-25 14:41:10
5698da7041a9d72100240972,56a60254c9741c2500082a8f,2016-01-25 14:44:45
5698dc4141a9d72100241016,56a52aa1c9741c250008237e,2016-01-25 14:47:11
5698da7a41a9d721002409ed,56a60254c9741c2500082a8f,2016-01-25 14:58:56
5698da4941a9d721002406c3,56a60254c9741c2500082a8f,2016-01-25 15:04:25
5698da5f2fb0de2600f22ac2,56a545f74d946d2400ad33ff,2016-01-25 15:26:45
5698da712fb0de2600f22b92,56a545f74d946d2400ad33ff,2016-01-25 15:58:52
5698dc3a41a9d72100240fc2,56a52aa1c9741c250008237e,2016-01-25 16:00:16
5698dc3a41a9d72100240fc2,56a52aa1c9741c250008237e,2016-01-25 16:00:30
5698da712fb0de2600f22b91,56a60254c9741c2500082a8f,2016-01-25 16:11:12
5698dc5741a9d7210024112b,56a52aa1c9741c250008237e,2016-01-25 16:15:00
5698da512fb0de2600f22a13,56a60254c9741c2500082a8f,2016-01-25 16:38:39
5698da732fb0de2600f22bb4,56a60254c9741c2500082a8f,2016-01-25 17:01:27
5698dc3b41a9d72100240fcc,56a52aa1c9741c250008237e,2016-01-25 17:29:08
5698dc5e41a9d72100241182,56a52aa1c9741c250008237e,2016-01-25 17:39:08
5698dc3741a9d72100240f9b,56a52aa1c9741c250008237e,2016-01-25 17:41:49
5698dc3741a9d72100240f9b,56a52aa1c9741c250008237e,2016-01-25 17:42:19
5698da7241a9d72100240997,56a60254c9741c2500082a8f,2016-01-25 17:59:51
5698da6341a9d721002408d0,56a60254c9741c2500082a8f,2016-01-25 18:04:43
5698da7041a9d72100240972,56a60254c9741c2500082a8f,2016-01-25 18:17:10
5698da4c2fb0de2600f229d2,56a60254c9741c2500082a8f,2016-01-25 19:06:38
5698da742fb0de2600f22bbe,56a60254c9741c2500082a8f,2016-01-25 19:08:17
5698db942fb0de2600f22fe2,56a52aa1c9741c250008237e,2016-01-25 19:40:32
5698dc3741a9d72100240f98,56a52aa1c9741c250008237e,2016-01-25 20:00:03
5698dc3741a9d72100240f98,56a52aa1c9741c250008237e,2016-01-25 20:01:12
5698da682fb0de2600f22b24,56a545f74d946d2400ad33ff,2016-01-25 20:07:19
5698da682fb0de2600f22b24,56a60254c9741c2500082a8f,2016-01-25 20:08:23
5698da562fb0de2600f22a50,56a60254c9741c2500082a8f,2016-01-25 20:56:00
5698da4641a9d721002406a9,56a545f74d946d2400ad33ff,2016-01-25 21:20:28
5698da4641a9d721002406a9,56a545f74d946d2400ad33ff,2016-01-25 21:20:42
5698da4641a9d721002406a9,56a545f74d946d2400ad33ff,2016-01-25 21:21:10
5698da4e41a9d72100240708,56a60254c9741c2500082a8f,2016-01-25 21:49:06
5698da5841a9d72100240779,56a545f74d946d2400ad33ff,2016-01-25 22:52:48
5698da4e41a9d72100240707,56a60254c9741c2500082a8f,2016-01-26 00:41:03
5698da452fb0de2600f22978,56a60254c9741c2500082a8f,2016-01-26 09:08:05
5698da712fb0de2600f22b90,56a60254c9741c2500082a8f,2016-01-26 11:16:16
5698da712fb0de2600f22b90,56a545f74d946d2400ad33ff,2016-01-26 11:17:25
5698da712fb0de2600f22b90,56a545f74d946d2400ad33ff,2016-01-26 11:18:48
5698da4b41a9d721002406e2,56a73f80711678b500aec99b,2016-01-26 11:43:14
5698da712fb0de2600f22b91,56a73f80711678b500aec99b,2016-01-26 11:43:28
5698da602fb0de2600f22ac4,56a73f80711678b500aec99b,2016-01-26 11:43:31
5698da4b41a9d721002406e2,56a545f74d946d2400ad33ff,2016-01-26 11:43:44
5698da712fb0de2600f22b91,56a73f80711678b500aec99b,2016-01-26 11:44:13
5698da602fb0de2600f22ac5,56a73f80711678b500aec99b,2016-01-26 11:44:24
5698da4b41a9d721002406e2,56a545f74d946d2400ad33ff,2016-01-26 11:45:02
5698da6741a9d72100240904,56a73f80711678b500aec99b,2016-01-26 11:46:31
5698da682fb0de2600f22b25,56a60254c9741c2500082a8f,2016-01-26 11:48:18
5698da682fb0de2600f22b25,56a73f80711678b500aec99b,2016-01-26 11:48:31
5698da6341a9d721002408cd,56a73f80711678b500aec99b,2016-01-26 11:48:53
5698da6e2fb0de2600f22b71,56a73f80711678b500aec99b,2016-01-26 11:50:31
5698da5e2fb0de2600f22ab6,56a73f80711678b500aec99b,2016-01-26 11:51:55
5698da7841a9d721002409d2,56a73f80711678b500aec99b,2016-01-26 11:53:30
5698da7841a9d721002409d2,56a60254c9741c2500082a8f,2016-01-26 11:54:30
5698da6d41a9d72100240952,56a73f80711678b500aec99b,2016-01-26 11:54:40
5698da4c2fb0de2600f229cb,56a73f80711678b500aec99b,2016-01-26 11:56:10
5698da712fb0de2600f22b90,56a73f80711678b500aec99b,2016-01-26 11:56:24
5698da7a41a9d721002409ed,56a73f80711678b500aec99b,2016-01-26 11:57:30
5698da7a41a9d721002409ed,56a73f80711678b500aec99b,2016-01-26 11:58:03
5698da6b2fb0de2600f22b4d,56a73f80711678b500aec99b,2016-01-26 12:00:29
569f7f8635827027001cb860,56a52aa1c9741c250008237e,2016-01-26 12:09:52
5698da532fb0de2600f22a1e,56a73f80711678b500aec99b,2016-01-26 12:12:11
5698da532fb0de2600f22a1e,569cc786b0e0b62400097089,2016-01-26 12:13:12
5698da772fb0de2600f22be4,56a73f80711678b500aec99b,2016-01-26 12:17:56
5698da6c2fb0de2600f22b62,56a545f74d946d2400ad33ff,2016-01-26 12:21:27
5698da6c2fb0de2600f22b62,56a73f80711678b500aec99b,2016-01-26 12:21:51
5698da692fb0de2600f22b3e,56a73f80711678b500aec99b,2016-01-26 12:23:33
5698da692fb0de2600f22b3e,56a73f80711678b500aec99b,2016-01-26 12:24:07
569f7f8635827027001cb860,56a52aa1c9741c250008237e,2016-01-26 12:29:08
5698da572fb0de2600f22a52,56a73f80711678b500aec99b,2016-01-26 12:36:13
5698db6141a9d72100240bf7,56a52aa1c9741c250008237e,2016-01-26 12:36:17
5698db712fb0de2600f22e22,56a52aa1c9741c250008237e,2016-01-26 12:40:30
5698da6241a9d721002408cb,56a73f80711678b500aec99b,2016-01-26 12:41:17
5698da6a41a9d72100240928,56a545f74d946d2400ad33ff,2016-01-26 12:44:13
5698da6a41a9d72100240928,56a60254c9741c2500082a8f,2016-01-26 12:44:22
5698da6a41a9d72100240928,56a73f80711678b500aec99b,2016-01-26 12:44:29
5698da7341a9d72100240999,56a73f80711678b500aec99b,2016-01-26 12:53:41
5698da4541a9d72100240693,56a73f80711678b500aec99b,2016-01-26 12:53:52
5698da4b2fb0de2600f229c4,56a73f80711678b500aec99b,2016-01-26 13:01:42
5698da6941a9d72100240925,56a73f80711678b500aec99b,2016-01-26 13:13:05
5698db6d2fb0de2600f22df5,569ce5fa59395e26004c861d,2016-01-26 13:15:05
5698da6841a9d7210024090a,56a73f80711678b500aec99b,2016-01-26 13:22:12
5698da682fb0de2600f22b24,56a73f80711678b500aec99b,2016-01-26 13:26:13
5698da4341a9d7210024068e,56a73f80711678b500aec99b,2016-01-26 13:28:11
5698da4341a9d7210024068e,56a545f74d946d2400ad33ff,2016-01-26 13:29:11
5698da4341a9d7210024068e,56a60254c9741c2500082a8f,2016-01-26 13:29:23
5698da4641a9d721002406a9,56a73f80711678b500aec99b,2016-01-26 13:35:31
5698da6c2fb0de2600f22b62,56a73f80711678b500aec99b,2016-01-26 13:54:00
5698da7741a9d721002409c3,56a73f80711678b500aec99b,2016-01-26 14:00:41
5698da6c2fb0de2600f22b62,56a73f80711678b500aec99b,2016-01-26 14:05:38
5698da5d2fb0de2600f22a9e,56a73f80711678b500aec99b,2016-01-26 14:11:53
5698da472fb0de2600f2299a,56a73f80711678b500aec99b,2016-01-26 14:12:09
5698da472fb0de2600f2299a,56a60254c9741c2500082a8f,2016-01-26 14:12:44
5698db6a2fb0de2600f22dce,56a52aa1c9741c250008237e,2016-01-26 14:13:07
5698dc592fb0de2600f23315,56a52aa1c9741c250008237e,2016-01-26 14:20:08
5698dc592fb0de2600f23315,56a52aa1c9741c250008237e,2016-01-26 14:20:23
5698dc592fb0de2600f23315,569ce5fa59395e26004c861d,2016-01-26 14:20:52
5698da6e2fb0de2600f22b74,56a73f80711678b500aec99b,2016-01-26 14:34:21
5698da612fb0de2600f22acb,56a73f80711678b500aec99b,2016-01-26 14:44:04
5698da612fb0de2600f22acb,56a545f74d946d2400ad33ff,2016-01-26 14:45:37
5698da612fb0de2600f22acb,56a60254c9741c2500082a8f,2016-01-26 14:45:43
5698da5e2fb0de2600f22aa3,56a73f80711678b500aec99b,2016-01-26 14:51:00
5698da5f41a9d721002407cd,56a545f74d946d2400ad33ff,2016-01-26 14:51:39
5698da5f41a9d721002407cd,56a60254c9741c2500082a8f,2016-01-26 14:51:48
5698da5f41a9d721002407cd,56a73f80711678b500aec99b,2016-01-26 14:51:54
5698dc4141a9d72100241016,56a52aa1c9741c250008237e,2016-01-26 14:56:01
5698da4a41a9d721002406de,56a73f80711678b500aec99b,2016-01-26 14:56:50
5698da452fb0de2600f22976,56a73f80711678b500aec99b,2016-01-26 14:58:06
5698dc4941a9d7210024108a,56a52aa1c9741c250008237e,2016-01-26 15:10:06
5698da7a2fb0de2600f22c09,56a73f80711678b500aec99b,2016-01-26 15:29:53
5698da6641a9d721002408fc,569cc786b0e0b62400097089,2016-01-26 15:32:47
5698d6ab2fb0de2600f225b0,569e1770aad1bf2600b0d0e4,2016-01-26 15:40:40
5698da5d2fb0de2600f22a9e,56a73f80711678b500aec99b,2016-01-26 15:42:17
5698da6641a9d721002408fc,569cc786b0e0b62400097089,2016-01-26 15:52:00
5698da452fb0de2600f2297b,56a73f80711678b500aec99b,2016-01-26 15:53:10
5698da5e41a9d721002407cb,56a73f80711678b500aec99b,2016-01-26 15:57:39
5698da712fb0de2600f22b8e,56a73f80711678b500aec99b,2016-01-26 16:31:47
5698da712fb0de2600f22b8e,56a60254c9741c2500082a8f,2016-01-26 16:32:15
5698da5f2fb0de2600f22ac2,56a73f80711678b500aec99b,2016-01-26 16:32:45
5698dc502fb0de2600f23297,56a52aa1c9741c250008237e,2016-01-26 16:38:14
5698da672fb0de2600f22b1f,56a73f80711678b500aec99b,2016-01-26 16:40:49
5698da672fb0de2600f22b1f,56a73f80711678b500aec99b,2016-01-26 16:57:26
5698da672fb0de2600f22b1f,56a73f80711678b500aec99b,2016-01-26 17:09:35
5698dc4e2fb0de2600f23276,56a52aa1c9741c250008237e,2016-01-26 17:26:40
5698dc5f2fb0de2600f23360,56a52aa1c9741c250008237e,2016-01-26 17:29:52
5698dc5f2fb0de2600f23360,56a52aa1c9741c250008237e,2016-01-26 17:30:19
5698da452fb0de2600f22977,569cc786b0e0b62400097089,2016-01-26 17:36:55
5698da452fb0de2600f22977,569cc786b0e0b62400097089,2016-01-26 17:38:18
5698da452fb0de2600f22977,56a545f74d946d2400ad33ff,2016-01-26 17:38:35
5698da452fb0de2600f22977,56a545f74d946d2400ad33ff,2016-01-26 17:39:17
5698da452fb0de2600f22977,56a60254c9741c2500082a8f,2016-01-26 17:39:26
5698da452fb0de2600f22977,56a60254c9741c2500082a8f,2016-01-26 17:40:22
5698da452fb0de2600f22977,569cc786b0e0b62400097089,2016-01-26 17:40:28
5698da452fb0de2600f22977,56a73f80711678b500aec99b,2016-01-26 17:41:16
5698d6aa2fb0de2600f22592,56a73f80711678b500aec99b,2016-01-26 17:47:46
5698dc442fb0de2600f231ee,569ce5fa59395e26004c861d,2016-01-26 17:55:11
5698dc442fb0de2600f231ee,56a52aa1c9741c250008237e,2016-01-26 17:55:23
5698da542fb0de2600f22a3d,56a73f80711678b500aec99b,2016-01-26 19:17:52
5698da6741a9d72100240904,56a60254c9741c2500082a8f,2016-01-26 20:03:39
5698da7741a9d721002409c2,56a545f74d946d2400ad33ff,2016-01-26 20:21:51
5698da7741a9d721002409c2,56a60254c9741c2500082a8f,2016-01-26 20:22:03
5698db882fb0de2600f22f3f,569bbd09e62ae22300d16a76,2016-01-26 20:34:54
5698db882fb0de2600f22f3f,569bbd09e62ae22300d16a76,2016-01-26 20:35:30
5698da662fb0de2600f22b15,56a73f80711678b500aec99b,2016-01-26 20:40:50
5698da662fb0de2600f22b15,56a60254c9741c2500082a8f,2016-01-26 20:41:50
5698da4e2fb0de2600f229eb,56a73f80711678b500aec99b,2016-01-26 20:58:15
5698da4e2fb0de2600f229eb,56a73f80711678b500aec99b,2016-01-26 20:59:20
5698da4e2fb0de2600f229eb,56a73f80711678b500aec99b,2016-01-26 21:01:48
5698dc4c41a9d721002410b0,56a52aa1c9741c250008237e,2016-01-26 21:35:46
5698dc4c41a9d721002410b0,56a52aa1c9741c250008237e,2016-01-26 21:35:56
5698dc4c41a9d721002410b0,56a52aa1c9741c250008237e,2016-01-26 21:37:48
5698db9341a9d72100240e78,56a52aa1c9741c250008237e,2016-01-26 22:05:41
5698dc4c41a9d721002410b0,56a52aa1c9741c250008237e,2016-01-26 22:29:44
5698dc4c41a9d721002410b0,56a52aa1c9741c250008237e,2016-01-26 22:44:14
5698da682fb0de2600f22b24,56a73f80711678b500aec99b,2016-01-26 22:48:45
5698da742fb0de2600f22bbe,56a73f80711678b500aec99b,2016-01-27 00:19:04
5698da5a2fb0de2600f22a72,56a545f74d946d2400ad33ff,2016-01-27 00:34:49
5698da5a2fb0de2600f22a72,56a60254c9741c2500082a8f,2016-01-27 00:35:03
5698da5a2fb0de2600f22a72,56a73f80711678b500aec99b,2016-01-27 00:35:11
5698da592fb0de2600f22a6d,56a73f80711678b500aec99b,2016-01-27 02:16:07
5698da5241a9d72100240735,56a545f74d946d2400ad33ff,2016-01-27 03:12:11
5698da5241a9d72100240735,56a73f80711678b500aec99b,2016-01-27 03:12:33
5698da6241a9d721002408cc,56a73f80711678b500aec99b,2016-01-27 03:38:13
5698da6c2fb0de2600f22b66,56a545f74d946d2400ad33ff,2016-01-27 09:38:44
5698da6c2fb0de2600f22b66,56a60254c9741c2500082a8f,2016-01-27 09:39:38
5698da6c2fb0de2600f22b66,56a60254c9741c2500082a8f,2016-01-27 09:41:10
5698da7141a9d7210024097a,569cc786b0e0b62400097089,2016-01-27 09:58:30
5698da7141a9d7210024097a,569cc786b0e0b62400097089,2016-01-27 09:59:06
5698da7141a9d7210024097a,56a545f74d946d2400ad33ff,2016-01-27 09:59:26
5698da7141a9d7210024097a,56a545f74d946d2400ad33ff,2016-01-27 09:59:39
5698da7141a9d7210024097a,56a60254c9741c2500082a8f,2016-01-27 09:59:50
5698da7141a9d7210024097a,56a60254c9741c2500082a8f,2016-01-27 10:00:07
5698da7141a9d7210024097a,56a73f80711678b500aec99b,2016-01-27 10:00:16
5698dc4e2fb0de2600f23277,56a52aa1c9741c250008237e,2016-01-27 10:10:21
5698dc4e2fb0de2600f23277,56a52aa1c9741c250008237e,2016-01-27 10:11:57
5698da772fb0de2600f22bde,56a73f80711678b500aec99b,2016-01-27 10:31:01
5698dc4941a9d7210024108a,56a52aa1c9741c250008237e,2016-01-27 11:05:42
5698da6341a9d721002408db,56a545f74d946d2400ad33ff,2016-01-27 11:53:34
5698dc5741a9d7210024112b,56a52aa1c9741c250008237e,2016-01-27 11:59:26
5698da6e41a9d72100240954,56a73f80711678b500aec99b,2016-01-27 12:02:50
5698dc382fb0de2600f23157,56a52aa1c9741c250008237e,2016-01-27 12:04:39
5698da5e2fb0de2600f22aa3,56a73f80711678b500aec99b,2016-01-27 12:04:47
5698dc452fb0de2600f231ff,56a52aa1c9741c250008237e,2016-01-27 12:05:26
5698dc5541a9d72100241127,56a52aa1c9741c250008237e,2016-01-27 12:06:51
5698da6e41a9d72100240954,56a73f80711678b500aec99b,2016-01-27 12:19:31
5698db802fb0de2600f22ef0,569ce5fa59395e26004c861d,2016-01-27 12:20:50
5698dc382fb0de2600f23152,56a52aa1c9741c250008237e,2016-01-27 12:42:13
5698dc382fb0de2600f23152,56a52aa1c9741c250008237e,2016-01-27 12:42:36
5698dc5341a9d72100241106,56a52aa1c9741c250008237e,2016-01-27 13:00:41
5698da522fb0de2600f22a1d,56a73f80711678b500aec99b,2016-01-27 13:31:55
5698db802fb0de2600f22ef0,569ce5fa59395e26004c861d,2016-01-27 13:57:56
5698da7741a9d721002409c3,56a60254c9741c2500082a8f,2016-01-27 14:05:33
5698da7741a9d721002409c3,56a73f80711678b500aec99b,2016-01-27 14:05:41
5698da7541a9d721002409a0,56a73f80711678b500aec99b,2016-01-27 15:43:32
5698da692fb0de2600f22b3d,56a545f74d946d2400ad33ff,2016-01-27 15:53:34
5698da692fb0de2600f22b3d,56a545f74d946d2400ad33ff,2016-01-27 15:54:11
5698da692fb0de2600f22b3d,56a60254c9741c2500082a8f,2016-01-27 15:54:22
5698da7541a9d721002409a0,56a73f80711678b500aec99b,2016-01-27 15:55:47
5698da7541a9d721002409a0,56a60254c9741c2500082a8f,2016-01-27 15:55:57
5698da692fb0de2600f22b3d,56a60254c9741c2500082a8f,2016-01-27 15:56:11
5698da692fb0de2600f22b3d,56a73f80711678b500aec99b,2016-01-27 15:56:18
5698da7541a9d721002409a0,56a60254c9741c2500082a8f,2016-01-27 15:57:06
5698da5b41a9d721002407a0,56a545f74d946d2400ad33ff,2016-01-27 16:14:36
5698da5b41a9d721002407a0,56a60254c9741c2500082a8f,2016-01-27 16:14:46
5698da5b41a9d721002407a0,56a73f80711678b500aec99b,2016-01-27 16:14:52
5698da772fb0de2600f22be0,56a545f74d946d2400ad33ff,2016-01-27 16:30:57
5698da772fb0de2600f22be0,56a60254c9741c2500082a8f,2016-01-27 16:31:08
5698da772fb0de2600f22be0,56a73f80711678b500aec99b,2016-01-27 16:31:15
5698da5241a9d72100240733,56a73f80711678b500aec99b,2016-01-27 16:37:06
5698db8c41a9d72100240e26,56a52aa1c9741c250008237e,2016-01-27 16:47:54
5698dc5a2fb0de2600f2331e,56a52aa1c9741c250008237e,2016-01-27 17:06:38
5698da5e2fb0de2600f22ab6,56a8dd8a57dbd02300a5e115,2016-01-27 17:10:38
5698da5e2fb0de2600f22ab6,56a8dd8a57dbd02300a5e115,2016-01-27 17:10:53
5698da5e2fb0de2600f22ab6,56a73f80711678b500aec99b,2016-01-27 17:11:00
5698da7341a9d72100240999,56a8dd8a57dbd02300a5e115,2016-01-27 17:11:15
5698da692fb0de2600f22b3e,56a8dd8a57dbd02300a5e115,2016-01-27 17:11:22
5698da712fb0de2600f22b90,56a8dd8a57dbd02300a5e115,2016-01-27 17:14:28
5698da712fb0de2600f22b90,56a8dd8a57dbd02300a5e115,2016-01-27 17:15:28
5698da4541a9d72100240693,56a8dd8a57dbd02300a5e115,2016-01-27 17:16:31
5698da4e41a9d72100240707,56a8dd8a57dbd02300a5e115,2016-01-27 17:16:38
5698da4541a9d72100240693,56a8dd8a57dbd02300a5e115,2016-01-27 17:16:53
5698da4541a9d72100240693,56a73f80711678b500aec99b,2016-01-27 17:17:02
5698da6741a9d72100240904,56a8dd8a57dbd02300a5e115,2016-01-27 17:21:01
5698da6741a9d72100240904,56a8dd8a57dbd02300a5e115,2016-01-27 17:21:38
5698da7541a9d721002409a0,56a8dd8a57dbd02300a5e115,2016-01-27 17:22:01
5698da4f41a9d72100240710,56a8dd8a57dbd02300a5e115,2016-01-27 17:25:35
5698da7741a9d721002409c2,56a8dd8a57dbd02300a5e115,2016-01-27 17:26:48
5698da4b2fb0de2600f229c4,56a8dd8a57dbd02300a5e115,2016-01-27 17:29:45
5698da4541a9d72100240693,56a8dd8a57dbd02300a5e115,2016-01-27 17:30:06
5698da712fb0de2600f22b91,56a8dd8a57dbd02300a5e115,2016-01-27 17:31:59
5698da7841a9d721002409d2,56a8dd8a57dbd02300a5e115,2016-01-27 17:37:52
5698da7b41a9d721002409f6,56a8dd8a57dbd02300a5e115,2016-01-27 17:39:42
5698da6841a9d7210024090a,56a8dd8a57dbd02300a5e115,2016-01-27 17:42:23
5698da6841a9d7210024090a,56a8dd8a57dbd02300a5e115,2016-01-27 17:42:48
5698da6e2fb0de2600f22b74,56a8dd8a57dbd02300a5e115,2016-01-27 17:44:07
5698da5d2fb0de2600f22a9e,56a8dd8a57dbd02300a5e115,2016-01-27 17:45:59
5698da602fb0de2600f22ac4,56a8dd8a57dbd02300a5e115,2016-01-27 17:46:33
5698da5941a9d7210024077b,56a8dd8a57dbd02300a5e115,2016-01-27 17:48:10
5698da712fb0de2600f22b90,56a60254c9741c2500082a8f,2016-01-27 17:48:47
5698da712fb0de2600f22b90,56a73f80711678b500aec99b,2016-01-27 17:48:58
5698da712fb0de2600f22b90,56a8dd8a57dbd02300a5e115,2016-01-27 17:49:06
5698da5241a9d72100240735,56a8dd8a57dbd02300a5e115,2016-01-27 17:49:53
5698da5241a9d72100240735,56a8dd8a57dbd02300a5e115,2016-01-27 17:50:39
5698da612fb0de2600f22acb,56a8dd8a57dbd02300a5e115,2016-01-27 17:53:00
5698da612fb0de2600f22acb,56a8dd8a57dbd02300a5e115,2016-01-27 17:53:30
5698da4e41a9d72100240708,56a8dd8a57dbd02300a5e115,2016-01-27 18:01:40
5698da642fb0de2600f22af5,56a8dd8a57dbd02300a5e115,2016-01-27 18:19:28
5698da642fb0de2600f22af5,56a545f74d946d2400ad33ff,2016-01-27 18:20:22
5698dc5a41a9d7210024116c,56a52aa1c9741c250008237e,2016-01-27 18:22:33
5698db8c41a9d72100240e26,56a52aa1c9741c250008237e,2016-01-27 18:28:17
5698da6b2fb0de2600f22b4d,56a8dd8a57dbd02300a5e115,2016-01-27 18:28:38
5698da4c2fb0de2600f229ce,56a8dd8a57dbd02300a5e115,2016-01-27 18:37:17
5698da6341a9d721002408cd,56a8dd8a57dbd02300a5e115,2016-01-27 18:42:47
5698da5341a9d7210024073b,56a8dd8a57dbd02300a5e115,2016-01-27 18:46:30
5698da5341a9d7210024073b,56a8dd8a57dbd02300a5e115,2016-01-27 18:46:56
5698da5941a9d7210024077b,56a8dd8a57dbd02300a5e115,2016-01-27 18:53:16
5698da5541a9d7210024075a,56a8dd8a57dbd02300a5e115,2016-01-27 19:05:22
5698db642fb0de2600f22d7e,569bbd09e62ae22300d16a76,2016-01-27 19:06:54
5698db642fb0de2600f22d7e,56a52aa1c9741c250008237e,2016-01-27 19:07:16
5698db642fb0de2600f22d7e,56a52aa1c9741c250008237e,2016-01-27 19:07:49
5698da6f41a9d7210024096f,56a8dd8a57dbd02300a5e115,2016-01-27 19:14:12
5698da5241a9d72100240735,56a8dd8a57dbd02300a5e115,2016-01-27 19:14:21
5698da5541a9d7210024075a,56a60254c9741c2500082a8f,2016-01-27 19:14:33
5698da5541a9d7210024075a,56a60254c9741c2500082a8f,2016-01-27 19:14:49
5698da5c2fb0de2600f22a97,56a8dd8a57dbd02300a5e115,2016-01-27 19:17:04
5698da4f2fb0de2600f229f9,56a8dd8a57dbd02300a5e115,2016-01-27 19:18:25
5698da4f2fb0de2600f229f9,56a60254c9741c2500082a8f,2016-01-27 19:19:47
5698dc4c41a9d721002410b0,56a52aa1c9741c250008237e,2016-01-27 19:22:30
5698da5e41a9d721002407cb,56a8dd8a57dbd02300a5e115,2016-01-27 19:27:22
5698da532fb0de2600f22a1e,56a8dd8a57dbd02300a5e115,2016-01-27 19:28:38
5698da5e2fb0de2600f22aa3,56a8dd8a57dbd02300a5e115,2016-01-27 19:29:00
5698da6b2fb0de2600f22b4c,56a8dd8a57dbd02300a5e115,2016-01-27 19:31:57
5698da6b2fb0de2600f22b4c,56a73f80711678b500aec99b,2016-01-27 19:32:10
5698da5241a9d72100240733,56a8dd8a57dbd02300a5e115,2016-01-27 19:41:19
5698da602fb0de2600f22ac5,56a8dd8a57dbd02300a5e115,2016-01-27 19:46:03
5698da622fb0de2600f22ae6,56a73f80711678b500aec99b,2016-01-27 19:50:46
5698da6d41a9d72100240952,56a8dd8a57dbd02300a5e115,2016-01-27 20:14:55
5698da5841a9d72100240776,56a73f80711678b500aec99b,2016-01-27 20:15:03
5698db6941a9d72100240c6d,56a52aa1c9741c250008237e,2016-01-27 20:20:47
5698da772fb0de2600f22be4,56a8dd8a57dbd02300a5e115,2016-01-27 20:24:40
5698da7341a9d72100240999,56a8dd8a57dbd02300a5e115,2016-01-27 20:34:05
5698da4641a9d721002406a9,56a8dd8a57dbd02300a5e115,2016-01-27 20:35:34
5698da592fb0de2600f22a6d,56a8dd8a57dbd02300a5e115,2016-01-27 20:49:25
5698da592fb0de2600f22a6d,56a8dd8a57dbd02300a5e115,2016-01-27 20:49:53
5698dc4c2fb0de2600f23268,56a52aa1c9741c250008237e,2016-01-27 21:05:14
5698dc4c2fb0de2600f23268,56a52aa1c9741c250008237e,2016-01-27 21:06:11
5698da4341a9d7210024068e,56a8dd8a57dbd02300a5e115,2016-01-27 21:15:27
5698da452fb0de2600f22978,56a8dd8a57dbd02300a5e115,2016-01-27 21:37:17
5698da6a41a9d72100240928,56a8dd8a57dbd02300a5e115,2016-01-27 21:58:10
5698da452fb0de2600f22976,56a8dd8a57dbd02300a5e115,2016-01-27 22:21:18
5698da452fb0de2600f22976,56a8dd8a57dbd02300a5e115,2016-01-27 22:22:25
5698da682fb0de2600f22b24,56a8dd8a57dbd02300a5e115,2016-01-27 22:28:56
5698da542fb0de2600f22a3d,56a73f80711678b500aec99b,2016-01-27 22:37:39
5698da452fb0de2600f2297b,56a8dd8a57dbd02300a5e115,2016-01-27 22:54:33
5698dc3d2fb0de2600f2319d,56a52aa1c9741c250008237e,2016-01-27 23:31:18
5698da662fb0de2600f22b15,56a8dd8a57dbd02300a5e115,2016-01-27 23:34:07
5698da662fb0de2600f22b15,56a8dd8a57dbd02300a5e115,2016-01-27 23:35:56
5698da642fb0de2600f22af5,56a545f74d946d2400ad33ff,2016-01-27 23:42:53
5698da5f41a9d721002407d0,56a8dd8a57dbd02300a5e115,2016-01-28 00:20:41
5698da5f41a9d721002407d0,56a8dd8a57dbd02300a5e115,2016-01-28 00:20:57
5698da5f41a9d721002407d0,56a73f80711678b500aec99b,2016-01-28 00:21:23
5698da4c2fb0de2600f229d2,56a73f80711678b500aec99b,2016-01-28 00:23:50
5698da4c2fb0de2600f229d2,56a8dd8a57dbd02300a5e115,2016-01-28 00:24:24
5698da742fb0de2600f22bc1,56a8dd8a57dbd02300a5e115,2016-01-28 00:30:49
5698da742fb0de2600f22bc1,56a73f80711678b500aec99b,2016-01-28 00:31:09
5698da4e41a9d72100240707,56a8dd8a57dbd02300a5e115,2016-01-28 01:32:41
5698da7a41a9d721002409ed,56a8dd8a57dbd02300a5e115,2016-01-28 01:34:39
5698da4f2fb0de2600f229f7,56a545f74d946d2400ad33ff,2016-01-28 01:55:28
5698da4f2fb0de2600f229f7,56a545f74d946d2400ad33ff,2016-01-28 01:55:46
5698da4f2fb0de2600f229f7,56a60254c9741c2500082a8f,2016-01-28 01:55:53
5698da4f2fb0de2600f229f7,56a60254c9741c2500082a8f,2016-01-28 01:55:57
5698da4f2fb0de2600f229f7,56a60254c9741c2500082a8f,2016-01-28 01:57:18
5698da4f2fb0de2600f229f7,56a73f80711678b500aec99b,2016-01-28 01:57:25
5698da4f2fb0de2600f229f7,56a8dd8a57dbd02300a5e115,2016-01-28 01:57:51
5698da4941a9d721002406c2,56a8dd8a57dbd02300a5e115,2016-01-28 03:34:58
5698da4941a9d721002406c2,56a8dd8a57dbd02300a5e115,2016-01-28 03:41:47
5698da6b2fb0de2600f22b4b,56a8dd8a57dbd02300a5e115,2016-01-28 04:10:27
5698da542fb0de2600f22a3b,56a8dd8a57dbd02300a5e115,2016-01-28 04:14:47
5698da4e41a9d72100240707,56a8dd8a57dbd02300a5e115,2016-01-28 04:51:28
5698da4b41a9d721002406e2,56a8dd8a57dbd02300a5e115,2016-01-28 09:11:53
5698da4541a9d72100240690,56a8dd8a57dbd02300a5e115,2016-01-28 09:45:04
5698da4c2fb0de2600f229d2,56a8dd8a57dbd02300a5e115,2016-01-28 10:27:53
5698da572fb0de2600f22a52,56a73f80711678b500aec99b,2016-01-28 10:52:09
5698da592fb0de2600f22a6d,56a8dd8a57dbd02300a5e115,2016-01-28 11:07:44
5698da542fb0de2600f22a3d,56a8dd8a57dbd02300a5e115,2016-01-28 11:16:04
5698da542fb0de2600f22a3d,56a8dd8a57dbd02300a5e115,2016-01-28 11:16:31
5698da542fb0de2600f22a3d,56a8dd8a57dbd02300a5e115,2016-01-28 11:17:37
5698da542fb0de2600f22a3d,56a8dd8a57dbd02300a5e115,2016-01-28 11:21:22
5698da6541a9d721002408fa,56a8dd8a57dbd02300a5e115,2016-01-28 11:32:34
5698da4c2fb0de2600f229cb,56a8dd8a57dbd02300a5e115,2016-01-28 11:34:20
5698da562fb0de2600f22a4a,56a545f74d946d2400ad33ff,2016-01-28 11:36:05
5698da512fb0de2600f22a13,56a8dd8a57dbd02300a5e115,2016-01-28 11:43:27
5698da612fb0de2600f22acd,56a8dd8a57dbd02300a5e115,2016-01-28 11:51:39
5698da612fb0de2600f22acd,56a73f80711678b500aec99b,2016-01-28 11:52:28
5698da7041a9d72100240972,56a8dd8a57dbd02300a5e115,2016-01-28 11:52:39
5698da762fb0de2600f22bda,56a8dd8a57dbd02300a5e115,2016-01-28 11:58:41
5698da762fb0de2600f22bda,56a73f80711678b500aec99b,2016-01-28 11:59:34
5698da762fb0de2600f22bda,56a60254c9741c2500082a8f,2016-01-28 11:59:55
5698da4c41a9d721002406ec,56a8dd8a57dbd02300a5e115,2016-01-28 12:01:21
5698da562fb0de2600f22a50,56a73f80711678b500aec99b,2016-01-28 12:01:38
5698da4c41a9d721002406ec,56a73f80711678b500aec99b,2016-01-28 12:01:46
5698da4c41a9d721002406ec,56a73f80711678b500aec99b,2016-01-28 12:01:52
5698da4c41a9d721002406ec,56a60254c9741c2500082a8f,2016-01-28 12:02:25
5698da6c2fb0de2600f22b64,56a73f80711678b500aec99b,2016-01-28 12:02:48
5698da6941a9d72100240922,56a73f80711678b500aec99b,2016-01-28 12:03:18
5698da7541a9d721002409a0,56a53caa4d946d2400ad3281,2016-01-28 12:03:45
5698da492fb0de2600f229a6,56a8dd8a57dbd02300a5e115,2016-01-28 12:06:00
5698da7141a9d7210024097c,56a8dd8a57dbd02300a5e115,2016-01-28 12:06:01
5698da782fb0de2600f22bf5,56a8dd8a57dbd02300a5e115,2016-01-28 12:06:27
5698da6041a9d721002407d3,56a8dd8a57dbd02300a5e115,2016-01-28 12:09:01
5698da6041a9d721002407d3,56a8dd8a57dbd02300a5e115,2016-01-28 12:09:11
5698d6aa2fb0de2600f22591,569cdaf459395e26004c805d,2016-01-28 12:10:21
5698da6741a9d72100240900,56a60254c9741c2500082a8f,2016-01-28 12:10:27
5698da6741a9d72100240900,56a60254c9741c2500082a8f,2016-01-28 12:10:34
5698da6741a9d72100240900,56a60254c9741c2500082a8f,2016-01-28 12:11:03
5698da742fb0de2600f22bbe,56a545f74d946d2400ad33ff,2016-01-28 12:11:03
5698da4841a9d721002406be,56a73f80711678b500aec99b,2016-01-28 12:17:25
5698da4841a9d721002406bf,56a8dd8a57dbd02300a5e115,2016-01-28 12:17:39
5698da6c41a9d72100240948,56a8dd8a57dbd02300a5e115,2016-01-28 12:17:42
5698da4e2fb0de2600f229ea,56a73f80711678b500aec99b,2016-01-28 12:30:28
5698da4e2fb0de2600f229ea,56a8dd8a57dbd02300a5e115,2016-01-28 12:30:46
5698db8241a9d72100240dac,569ce5fa59395e26004c861d,2016-01-28 13:01:54
5698da4f41a9d7210024070f,56a60254c9741c2500082a8f,2016-01-28 13:13:14
5698da4f41a9d7210024070f,56a60254c9741c2500082a8f,2016-01-28 13:14:31
5698db6641a9d72100240c43,56a52aa1c9741c250008237e,2016-01-28 13:17:37
5698da5841a9d72100240778,56a8dd8a57dbd02300a5e115,2016-01-28 13:34:52
5698da5841a9d72100240778,56a8dd8a57dbd02300a5e115,2016-01-28 13:35:19
5698da5841a9d72100240778,56a8dd8a57dbd02300a5e115,2016-01-28 13:35:26
5698dc472fb0de2600f23219,56a52aa1c9741c250008237e,2016-01-28 13:53:49
5698dc472fb0de2600f23219,56a52aa1c9741c250008237e,2016-01-28 13:59:02
5698da5a2fb0de2600f22a72,56a8dd8a57dbd02300a5e115,2016-01-28 14:37:38
5698da4b41a9d721002406e2,56a8dd8a57dbd02300a5e115,2016-01-28 14:48:46
5698da4b41a9d721002406e2,56a8dd8a57dbd02300a5e115,2016-01-28 14:48:55
56a6b0275d52c7250022aa27,56a8dd8a57dbd02300a5e115,2016-01-28 15:01:13
56a6b0275d52c7250022aa27,56a8dd8a57dbd02300a5e115,2016-01-28 15:01:40
5698dc4c2fb0de2600f23268,56a52aa1c9741c250008237e,2016-01-28 15:29:28
5698da682fb0de2600f22b25,56a8dd8a57dbd02300a5e115,2016-01-28 15:57:44
5698da4c2fb0de2600f229d2,56a8dd8a57dbd02300a5e115,2016-01-28 16:42:12
5698da732fb0de2600f22bb3,56a8dd8a57dbd02300a5e115,2016-01-28 16:59:21
5698da592fb0de2600f22a6d,56a8dd8a57dbd02300a5e115,2016-01-28 17:17:46
5698da492fb0de2600f229a7,56a8dd8a57dbd02300a5e115,2016-01-28 17:46:48
5698dc4d41a9d721002410b3,56a52aa1c9741c250008237e,2016-01-28 17:50:48
5698dc5d41a9d72100241180,56a52aa1c9741c250008237e,2016-01-28 18:47:34
5698da492fb0de2600f229a6,56a8dd8a57dbd02300a5e115,2016-01-28 21:18:30
5698da452fb0de2600f22973,56a545f74d946d2400ad33ff,2016-01-28 21:37:47
5698dc4541a9d72100241043,56a52aa1c9741c250008237e,2016-01-28 22:08:10
5698dc4541a9d72100241043,56a52aa1c9741c250008237e,2016-01-28 22:08:54
5698db5f2fb0de2600f22d4e,569ce5fa59395e26004c861d,2016-01-29 11:09:39
5698dc4141a9d72100241016,56a52aa1c9741c250008237e,2016-01-29 11:59:04
5698dc4141a9d72100241016,56a52aa1c9741c250008237e,2016-01-29 11:59:26
5698dc4d2fb0de2600f23270,569ce5fa59395e26004c861d,2016-01-29 12:08:06
5698dc5e41a9d72100241185,56a52aa1c9741c250008237e,2016-01-29 12:10:40
5698da692fb0de2600f22b3d,56a8dd8a57dbd02300a5e115,2016-01-29 12:32:12
5698da7741a9d721002409c4,56a8dd8a57dbd02300a5e115,2016-01-29 12:33:49
5698db6a2fb0de2600f22dcc,56a52aa1c9741c250008237e,2016-01-29 13:27:47
5698da4e2fb0de2600f229eb,56a8dd8a57dbd02300a5e115,2016-01-29 13:58:23
5698db8141a9d72100240d99,56a52aa1c9741c250008237e,2016-01-29 14:48:01
5698da4e2fb0de2600f229eb,56a8dd8a57dbd02300a5e115,2016-01-29 15:12:35
5698d6ac41a9d72100240122,569cdaf459395e26004c805d,2016-01-29 15:16:42
5698da692fb0de2600f22b3d,56a8dd8a57dbd02300a5e115,2016-01-29 15:27:45
5698dc392fb0de2600f23174,56a52aa1c9741c250008237e,2016-01-29 18:10:17
5698dc392fb0de2600f23174,56a52aa1c9741c250008237e,2016-01-29 18:10:27
5698dc392fb0de2600f23174,56a52aa1c9741c250008237e,2016-01-29 18:11:05
5698dc392fb0de2600f23174,56a52aa1c9741c250008237e,2016-01-29 18:11:11
5698db6841a9d72100240c53,56a52aa1c9741c250008237e,2016-01-29 18:13:50
5698da4741a9d721002406b6,56a8dd8a57dbd02300a5e115,2016-01-29 18:41:50
5698da4741a9d721002406b6,56a60254c9741c2500082a8f,2016-01-29 18:42:06
5698db702fb0de2600f22e20,56a52aa1c9741c250008237e,2016-01-29 21:03:13
5698dc482fb0de2600f23220,56ab9e034377f523002345ef,2016-01-29 21:18:11
5698db702fb0de2600f22e20,56a52aa1c9741c250008237e,2016-01-29 21:18:49
5698db702fb0de2600f22e20,569ce5fa59395e26004c861d,2016-01-29 21:19:04
5698db702fb0de2600f22e20,569bba82e62ae22300d165b1,2016-01-29 21:22:17
5698da5141a9d7210024072e,56a8dd8a57dbd02300a5e115,2016-01-29 21:25:50
5698da5141a9d7210024072e,56a8dd8a57dbd02300a5e115,2016-01-29 21:40:46
5698da5141a9d7210024072e,56a73f80711678b500aec99b,2016-01-29 21:41:05
5698dc412fb0de2600f231d4,56a52aa1c9741c250008237e,2016-01-30 03:34:26
5698dc5741a9d7210024112d,56a52aa1c9741c250008237e,2016-01-31 01:09:55
5698da522fb0de2600f22a1d,56a73f80711678b500aec99b,2016-01-31 10:44:04
5698db7c41a9d72100240d5c,56a52aa1c9741c250008237e,2016-01-31 13:36:15
5698dc5a2fb0de2600f2331a,56a52aa1c9741c250008237e,2016-01-31 15:30:04
5698dc5a2fb0de2600f2331a,56a52aa1c9741c250008237e,2016-01-31 15:32:12
5698db632fb0de2600f22d79,56a52aa1c9741c250008237e,2016-01-31 16:47:12
5698db722fb0de2600f22e3f,56a52aa1c9741c250008237e,2016-01-31 19:07:26
5698db722fb0de2600f22e3f,56a52aa1c9741c250008237e,2016-01-31 19:07:35
5698da5841a9d72100240779,56a60254c9741c2500082a8f,2016-01-31 19:15:28
5698da5841a9d72100240779,56a8dd8a57dbd02300a5e115,2016-01-31 19:15:35
5698db8741a9d72100240ddb,56a52aa1c9741c250008237e,2016-01-31 19:46:19
5698da452fb0de2600f22977,569cc786b0e0b62400097089,2016-01-31 21:47:17
5698da7a2fb0de2600f22c07,56a73f80711678b500aec99b,2016-02-01 10:06:52
5698da7a2fb0de2600f22c07,56a8dd8a57dbd02300a5e115,2016-02-01 10:07:43
5698db7141a9d72100240cbe,569ce5fa59395e26004c861d,2016-02-01 12:01:41
5698db8d41a9d72100240e2a,569ce5fa59395e26004c861d,2016-02-01 12:06:20
5698db6c41a9d72100240c93,56a52aa1c9741c250008237e,2016-02-01 12:32:00
5698db6c41a9d72100240c93,56a52aa1c9741c250008237e,2016-02-01 12:33:22
5698dc442fb0de2600f231fa,569ce5fa59395e26004c861d,2016-02-01 12:42:13
5698db8141a9d72100240d99,56a52aa1c9741c250008237e,2016-02-01 13:05:40
5698db8141a9d72100240d99,56a52aa1c9741c250008237e,2016-02-01 13:05:57
5698db8641a9d72100240dd5,56a52aa1c9741c250008237e,2016-02-01 13:26:43
5698db8641a9d72100240dd5,56a52aa1c9741c250008237e,2016-02-01 13:26:58
5698db772fb0de2600f22e72,569ce5fa59395e26004c861d,2016-02-01 13:45:52
5698da542fb0de2600f22a3e,56a8dd8a57dbd02300a5e115,2016-02-01 15:56:10
5698da742fb0de2600f22bbc,56a8dd8a57dbd02300a5e115,2016-02-01 17:49:04
5698dc3f41a9d72100240ffa,56a52aa1c9741c250008237e,2016-02-01 18:20:11
5698d6ac2fb0de2600f225b3,569cdaf459395e26004c805d,2016-02-01 19:06:40
5698da5341a9d7210024073b,56a8dd8a57dbd02300a5e115,2016-02-01 20:19:55
5698d6ac2fb0de2600f225bc,569cdaf459395e26004c805d,2016-02-01 23:44:03
5698da5941a9d7210024077c,56a8dd8a57dbd02300a5e115,2016-02-02 00:13:58
5698da5941a9d7210024077c,56a8dd8a57dbd02300a5e115,2016-02-02 00:14:48
5698dc4e41a9d721002410b9,569ce5fa59395e26004c861d,2016-02-02 11:50:10
5698d6aa2fb0de2600f22592,56a8dd8a57dbd02300a5e115,2016-02-02 12:23:02
5698db8641a9d72100240dd7,56a52aa1c9741c250008237e,2016-02-02 12:25:30
5698db8641a9d72100240dd7,56a52aa1c9741c250008237e,2016-02-02 12:26:06
5698da6d41a9d72100240952,56a60254c9741c2500082a8f,2016-02-02 14:40:35
5698da6d41a9d72100240952,56a60254c9741c2500082a8f,2016-02-02 14:41:37
5698da612fb0de2600f22acb,56a73f80711678b500aec99b,2016-02-02 14:43:41
5698da6341a9d721002408cd,56a8dd8a57dbd02300a5e115,2016-02-02 15:05:34
5698db962fb0de2600f22ffe,56a52aa1c9741c250008237e,2016-02-02 16:54:33
5698da6841a9d7210024090a,56a8dd8a57dbd02300a5e115,2016-02-02 17:57:55
5698da6c2fb0de2600f22b66,56a8dd8a57dbd02300a5e115,2016-02-02 18:45:09
5698da532fb0de2600f22a1e,56a8dd8a57dbd02300a5e115,2016-02-02 20:59:10
5698da4541a9d72100240694,56a8dd8a57dbd02300a5e115,2016-02-02 21:25:21
5698dc382fb0de2600f2314c,56a52aa1c9741c250008237e,2016-02-02 23:50:37
5698db922fb0de2600f22fd7,56a52aa1c9741c250008237e,2016-02-02 23:51:30
5698db922fb0de2600f22fd7,56a52aa1c9741c250008237e,2016-02-02 23:52:28
5698da492fb0de2600f229a9,56a8dd8a57dbd02300a5e115,2016-02-03 10:36:41
5698da692fb0de2600f22b3e,56a8dd8a57dbd02300a5e115,2016-02-03 11:25:35
5698dc442fb0de2600f231fa,569ce5fa59395e26004c861d,2016-02-03 11:35:24
5698db8641a9d72100240dd5,56a52aa1c9741c250008237e,2016-02-03 11:43:26
5698dc5e41a9d72100241185,56a52aa1c9741c250008237e,2016-02-03 11:58:03
5698dc5e41a9d72100241185,56a52aa1c9741c250008237e,2016-02-03 11:58:21
5698da6e41a9d72100240954,56a8dd8a57dbd02300a5e115,2016-02-03 12:06:05
5698dc4d2fb0de2600f23270,569bba82e62ae22300d165b1,2016-02-03 12:12:32
5698dc4e41a9d721002410b9,569ce5fa59395e26004c861d,2016-02-03 12:28:23
5698db7241a9d72100240ce8,56a52aa1c9741c250008237e,2016-02-03 12:28:24
5698dc4e2fb0de2600f23276,56b0ba434377f52300235437,2016-02-03 13:14:18
5698dc4e2fb0de2600f23276,56b1bd704377f523002358dc,2016-02-03 13:18:53
5698db6f2fb0de2600f22e17,56a52aa1c9741c250008237e,2016-02-03 13:28:57
5698da772fb0de2600f22be4,56a73f80711678b500aec99b,2016-02-03 13:53:03
5698da772fb0de2600f22be4,56a8dd8a57dbd02300a5e115,2016-02-03 13:53:21
5698dc4e41a9d721002410b9,569ce5fa59395e26004c861d,2016-02-03 14:09:24
5698da5b41a9d721002407a1,56a8dd8a57dbd02300a5e115,2016-02-03 14:19:03
5698da5b41a9d721002407a1,56a8dd8a57dbd02300a5e115,2016-02-03 14:56:35
5698dc5e41a9d72100241182,56a52aa1c9741c250008237e,2016-02-03 15:06:38
5698db722fb0de2600f22e3f,569ce5fa59395e26004c861d,2016-02-03 15:15:39
5698dc4e2fb0de2600f23276,56b0a60f29028e2600914ac1,2016-02-03 16:30:35
5698dc4c41a9d721002410b0,569ce5fa59395e26004c861d,2016-02-03 16:49:16
5698dc4c41a9d721002410b0,569ce5fa59395e26004c861d,2016-02-03 16:54:09
5698dc4a41a9d7210024108f,569be1bae62ae22300d17f2a,2016-02-03 17:16:35
5698dc5041a9d721002410e0,569be1bae62ae22300d17f2a,2016-02-03 17:30:46
5698dc4541a9d72100241040,56a52aa1c9741c250008237e,2016-02-03 19:46:12
5698dc4541a9d72100241040,56a52aa1c9741c250008237e,2016-02-03 19:46:29
5698da6441a9d721002408e0,56a545f74d946d2400ad33ff,2016-02-03 21:17:14
5698da6441a9d721002408e0,56a545f74d946d2400ad33ff,2016-02-03 21:17:27
5698da6441a9d721002408e0,56a60254c9741c2500082a8f,2016-02-03 21:18:56
5698da6441a9d721002408e0,56a60254c9741c2500082a8f,2016-02-03 21:19:12
5698da5b41a9d721002407a1,56a8dd8a57dbd02300a5e115,2016-02-04 11:42:00
5698da4941a9d721002406c2,56b364d6c093352000648add,2016-02-04 16:49:54
5698da792fb0de2600f22c02,56b364d6c093352000648add,2016-02-04 16:50:33
5698d6aa2fb0de2600f22592,56b364d6c093352000648add,2016-02-04 16:52:16
5698da742fb0de2600f22bbe,56b364d6c093352000648add,2016-02-04 16:56:51
5698da5d2fb0de2600f22a9e,56b364d6c093352000648add,2016-02-04 16:58:31
5698da552fb0de2600f22a3f,56b364d6c093352000648add,2016-02-04 17:01:59
5698da4e2fb0de2600f229eb,56b364d6c093352000648add,2016-02-04 17:13:07
5698da4e2fb0de2600f229eb,56b364d6c093352000648add,2016-02-04 17:13:23
5698da6e2fb0de2600f22b74,56b364d6c093352000648add,2016-02-04 18:00:57
5698da5541a9d7210024075a,56b364d6c093352000648add,2016-02-04 18:40:10
5698da782fb0de2600f22bf5,56b364d6c093352000648add,2016-02-04 19:25:05
5698da782fb0de2600f22bf5,56b364d6c093352000648add,2016-02-04 19:26:11
5698da4641a9d721002406a9,56a8dd8a57dbd02300a5e115,2016-02-04 19:34:07
5698da6c2fb0de2600f22b64,56b364d6c093352000648add,2016-02-04 20:05:18
5698da4b2fb0de2600f229c4,56b364d6c093352000648add,2016-02-04 20:08:29
5698dc4c2fb0de2600f23268,56a52aa1c9741c250008237e,2016-02-04 20:16:13
5698da4341a9d7210024068e,56b364d6c093352000648add,2016-02-04 20:21:05
5698da7a41a9d721002409ed,56b364d6c093352000648add,2016-02-04 21:05:32
5698da492fb0de2600f229a6,56b364d6c093352000648add,2016-02-04 21:07:35
5698da692fb0de2600f22b3e,56b364d6c093352000648add,2016-02-04 21:51:51
5698da6b2fb0de2600f22b4c,56b364d6c093352000648add,2016-02-04 23:12:29
5698da692fb0de2600f22b3e,56b3c568d4d43f260091b30f,2016-02-04 23:53:45
5698db962fb0de2600f23002,56a52aa1c9741c250008237e,2016-02-05 00:29:44
5698da7a41a9d721002409ed,56b364d6c093352000648add,2016-02-05 00:39:52
5698da522fb0de2600f22a1d,56b364d6c093352000648add,2016-02-05 11:18:22
5698db8741a9d72100240ddb,56a52aa1c9741c250008237e,2016-02-05 11:23:36
56a6b0275d52c7250022aa27,56b364d6c093352000648add,2016-02-05 11:41:58
5698da452fb0de2600f22976,56b364d6c093352000648add,2016-02-05 11:43:23
5698da772fb0de2600f22be4,56b364d6c093352000648add,2016-02-05 11:56:26
5698da7b41a9d721002409f6,56b364d6c093352000648add,2016-02-05 12:00:29
5698da452fb0de2600f22979,569cc786b0e0b62400097089,2016-02-05 12:00:37
5698da612fb0de2600f22acb,56a8dd8a57dbd02300a5e115,2016-02-05 12:01:12
5698da4541a9d72100240693,56b364d6c093352000648add,2016-02-05 12:02:42
5698da4f41a9d7210024070f,56b364d6c093352000648add,2016-02-05 12:05:31
5698da6341a9d721002408d0,56b364d6c093352000648add,2016-02-05 12:23:54
5698da6741a9d72100240900,56b364d6c093352000648add,2016-02-05 12:28:41
5698da662fb0de2600f22b15,56b364d6c093352000648add,2016-02-05 12:32:34
5698dc382fb0de2600f23151,56a52aa1c9741c250008237e,2016-02-05 13:13:24
5698da4941a9d721002406c4,56b364d6c093352000648add,2016-02-05 13:35:58
5698da4941a9d721002406c4,56b364d6c093352000648add,2016-02-05 13:40:33
5698da742fb0de2600f22bbe,56b364d6c093352000648add,2016-02-05 14:19:10
5698da742fb0de2600f22bbe,56a8dd8a57dbd02300a5e115,2016-02-05 14:21:03
5698da642fb0de2600f22afa,56b364d6c093352000648add,2016-02-05 14:25:37
5698da662fb0de2600f22b15,56b364d6c093352000648add,2016-02-05 15:10:47
5698da6841a9d7210024090c,56b364d6c093352000648add,2016-02-05 15:14:31
5698db8641a9d72100240dd7,56a52aa1c9741c250008237e,2016-02-05 15:32:42
5698dc4d41a9d721002410b3,569bba38e62ae22300d16478,2016-02-05 15:32:53
5698da4f2fb0de2600f229f7,56b364d6c093352000648add,2016-02-05 16:07:47
5698dc4e41a9d721002410b9,569ce5fa59395e26004c861d,2016-02-05 17:16:24
5698dc4e41a9d721002410b9,569ce5fa59395e26004c861d,2016-02-05 17:16:39
5698da7541a9d721002409a0,56b364d6c093352000648add,2016-02-05 21:21:56
5698da5841a9d72100240777,56b364d6c093352000648add,2016-02-05 21:36:41
5698da5e2fb0de2600f22ab6,56b364d6c093352000648add,2016-02-06 10:55:13
5698dc4d2fb0de2600f2326b,56a52aa1c9741c250008237e,2016-02-06 12:55:49
5698da6341a9d721002408cd,56b364d6c093352000648add,2016-02-06 15:16:12
5698da472fb0de2600f2299a,56b364d6c093352000648add,2016-02-06 15:53:23
5698da4841a9d721002406bf,56b364d6c093352000648add,2016-02-06 17:19:39
5698db8c41a9d72100240e27,569ce5fa59395e26004c861d,2016-02-06 18:45:16
5698da542fb0de2600f22a3d,56a73f80711678b500aec99b,2016-02-07 13:49:00
5698db852fb0de2600f22f14,56a52aa1c9741c250008237e,2016-02-07 15:35:07
5698db852fb0de2600f22f14,56a52aa1c9741c250008237e,2016-02-07 15:35:26
5698db722fb0de2600f22e3f,56a52aa1c9741c250008237e,2016-02-07 16:07:26
5698db722fb0de2600f22e3f,56a52aa1c9741c250008237e,2016-02-07 16:10:22
5698da5841a9d72100240779,56a73f80711678b500aec99b,2016-02-07 16:18:39
5698da5841a9d72100240779,56b364d6c093352000648add,2016-02-07 16:18:50
5698da742fb0de2600f22bc1,56b364d6c093352000648add,2016-02-07 19:20:02
5698db8741a9d72100240ddb,56a52aa1c9741c250008237e,2016-02-07 21:53:02
5698da4e2fb0de2600f229eb,56b364d6c093352000648add,2016-02-07 22:00:46
5698db722fb0de2600f22e3e,56a52aa1c9741c250008237e,2016-02-07 23:03:24
5698dc4141a9d72100241016,56a52aa1c9741c250008237e,2016-02-07 23:18:07
5698dc4c41a9d721002410b0,569ce5fa59395e26004c861d,2016-02-07 23:55:16
5698dc4c41a9d721002410b0,569ce5fa59395e26004c861d,2016-02-08 00:13:14
